,Player,Team,Elig. Pos.,Pos. Rank,Status,,,
1,Shohei Ohtani,LAD,SP/DH,SP1,,,,
2,Aaron Judge,NYY,OF,OF1,,,,
3,Juan Soto,NYM,OF,OF2,,,,
4,Paul Skenes,PIT,SP,SP2,,,,
5,Tarik Skubal,DET,SP,SP3,,,,
6,José Ramírez,CLE,3B,3B1,,,,
7,Bobby Witt Jr.,KC,SS,SS1,,,,
8,Garrett Crochet,BOS,SP,SP4,,,,
9,Ronald Acuña Jr.,ATL,OF,OF3,,,,
10,Cal Raleigh,SEA,C,C1,,,,
11,Kyle Tucker,CHC,OF,OF4,,,,
12,Yoshinobu Yamamoto,LAD,SP,SP5,,,,
13,Fernando Tatis Jr.,SD,OF,OF5,,,,
14,Ketel Marte,ARI,2B,2B1,,,,
15,Vladimir Guerrero Jr.,TOR,1B,1B1,,,,
16,Corbin Carroll,ARI,OF,OF6,,,,
17,Junior Caminero,TB,3B,3B2,,,,
18,Kyle Schwarber,PHI,DH,DH1,,,,
19,Logan Gilbert,SEA,SP,SP6,,,,
20,Julio Rodríguez,SEA,OF,OF7,,,,
21,Cristopher Sánchez,PHI,SP,SP7,,,,
22,Gunnar Henderson,BAL,SS,SS2,,,,
23,Logan Webb,SF,SP,SP8,,,,
24,Manny Machado,SD,3B,3B3,,,,
25,Bryan Woo,SEA,SP,SP9,,,,
26,Francisco Lindor,NYM,SS,SS3,,,,
27,Max Fried,NYY,SP,SP10,,,,
28,Hunter Brown,HOU,SP,SP11,,,,
29,Elly De La Cruz,CIN,SS,SS4,,,,
30,Alex Bregman,BOS,3B,3B4,,,,
31,William Contreras,MIL,C,C2,,,,
32,Yordan Alvarez,HOU,OF,OF8,,,,
33,Chris Sale,ATL,SP,SP12,,,,
34,Freddy Peralta,MIL,SP,SP13,,,,
35,Mookie Betts,LAD,SS,SS5,,,,
36,Mason Miller,OAK,RP,RP1,,,,
37,Edwin Díaz,NYM,RP,RP2,,,,
38,Hunter Greene,CIN,SP,SP14,,,,
39,Jackson Chourio,MIL,OF,OF9,,,,
40,Framber Valdez,HOU,SP,SP15,,,,
41,Cody Bellinger,NYY,OF,OF10,,,,
42,Brent Rooker,OAK,OF,OF11,,,,
43,Pete Alonso,NYM,1B,1B2,,,,
44,Andrés Muñoz,SEA,RP,RP3,,,,
45,Cade Smith,CLE,RP,RP4,,,,
46,Jacob deGrom,TEX,SP,SP16,,,,
47,Nico Hoerner,CHC,2B,2B2,,,,
48,Jazz Chisholm Jr.,NYY,2B/3B,2B3,,,,
49,Jhoan Duran,MIN,RP,RP5,,,,
50,Pete Crow-Armstrong,CHC,OF,OF12,,,,
51,Joe Ryan,MIN,SP,SP17,,,,
52,Jose Altuve,HOU,2B/OF,2B4,,,,
53,Jesús Luzardo,PHI,SP,SP18,,,,
54,Cole Ragans,KC,SP,SP19,,,,
55,Matt Olson,ATL,1B,1B3,,,,
56,Nick Kurtz,OAK,1B,1B4,,,,
57,Jarren Duran,BOS,OF,OF13,,,,
58,Ben Rice,NYY,C/1B,C3,,,,
59,George Kirby,SEA,SP,SP20,,,,
60,Geraldo Perdomo,ARI,SS,SS6,,,,
61,Aroldis Chapman,BOS,RP,RP6,,,,
62,Blake Snell,LAD,SP,SP21,,,,
63,Austin Riley,ATL,3B,3B5,,,,
64,George Springer,TOR,OF,OF14,,,,
65,Bryce Harper,PHI,1B,1B5,,,,
66,Roman Anthony,BOS,OF,OF15,,,,
67,Jackson Merrill,SD,OF,OF16,,,,
68,Nick Pivetta,SD,SP,SP22,,,,
69,Dylan Cease,SD,SP,SP23,,,,
70,Steven Kwan,CLE,OF,OF17,,,,
71,Freddie Freeman,LAD,1B,1B6,,,,
72,Trea Turner,PHI,SS,SS7,,,,
73,Devin Williams,NYY,RP,RP7,,,,
74,David Bednar,PIT,RP,RP8,,,,
75,Kevin Gausman,TOR,SP,SP24,,,,
76,Shea Langeliers,OAK,C,C4,,,,
77,Brice Turang,MIL,2B,2B5,,,,
78,Will Smith,LAD,C,C5,,,,
79,Rafael Devers,SF,1B,1B7,,,,
80,Spencer Strider,ATL,SP,SP25,,,,
81,Zack Wheeler,PHI,SP,SP26,,,,
82,Sonny Gray,STL,SP,SP27,,,,
83,James Wood,WSH,OF,OF18,,,,
84,Josh Naylor,SEA,1B,1B8,,,,
85,Vinnie Pasquantino,KC,1B,1B9,,,,
86,Ozzie Albies,ATL,2B,2B6,,,,
87,Raisel Iglesias,ATL,RP,RP9,,,,
88,Wyatt Langford,TEX,OF,OF19,,,,
89,Seiya Suzuki,CHC,OF,OF20,,,,
90,Kyle Bradish,BAL,SP,SP28,,,,
91,Maikel Garcia,KC,3B,3B6,,,,
92,Eugenio Suárez,SEA,3B,3B7,,,,
93,Christian Yelich,MIL,DH,DH2,,,,
94,Luis Castillo,SEA,SP,SP29,,,,
95,Corey Seager,TEX,SS,SS8,,,,
96,Nathan Eovaldi,TEX,SP,SP30,,,,
97,Bo Bichette,TOR,SS,SS9,,,,
98,Drake Baldwin,ATL,C,C6,,,,
99,Randy Arozarena,SEA,OF,OF21,,,,
100,Josh Hader,HOU,RP,RP10,,,,
101,Salvador Perez,KC,C/1B,C7,,,,
102,Carlos Estévez,KC,RP,RP11,,,,
103,Ryan Pepiot,TB,SP,SP31,,,,
104,Brandon Nimmo,NYM,OF,OF22,,,,
105,Brandon Woodruff,MIL,SP,SP32,,,,
106,Riley Greene,DET,OF,OF23,,,,
107,Chase Burns,CIN,SP,SP33,,,,
108,Tyler Glasnow,LAD,SP,SP34,,,,
109,Jacob Misiorowski,MIL,SP,SP35,,,,
110,Trevor Megill,MIL,RP,RP12,,,,
111,Byron Buxton,MIN,OF,OF24,,,,
112,Adley Rutschman,BAL,C,C8,,,,
113,Tyler Soderstrom,OAK,1B/OF,1B10,,,,
114,Taylor Ward,LAA,OF,OF25,,,,
115,Gleyber Torres,DET,2B,2B7,,,,
116,Matt Chapman,SF,3B,3B8,,,,
117,Agustín Ramírez,MIA,C,C9,,,,
118,Eury Pérez,MIA,SP,SP36,,,,
119,Jurickson Profar,ATL,OF,OF26,,,,
120,Emilio Pagán,CIN,RP,RP13,,,,
121,Pete Fairbanks,TB,RP,RP14,,,,
122,Ranger Suárez,PHI,SP,SP37,,,,
123,Zac Gallen,ARI,SP,SP38,,,,
124,Ian Happ,CHC,OF,OF27,,,,
125,Tanner Bibee,CLE,SP,SP39,,,,
126,Nolan McLean,NYM,SP,SP40,,,,
127,Hunter Goodman,COL,C,C10,,,,
128,Jeff Hoffman,TOR,RP,RP15,,,,
129,Luke Keaschall,MIN,2B,2B8,,,,
130,Ryan Helsley,STL,RP,RP16,,,,
131,Willy Adames,SF,SS,SS10,,,,
132,Yainer Diaz,HOU,C,C11,,,,
133,Kenley Jansen,LAA,RP,RP17,,,,
134,MacKenzie Gore,WSH,SP,SP41,,,,
135,Teoscar Hernández,LAD,OF,OF28,,,,
136,Cam Schlittler,NYY,SP,SP42,,,,
137,Marcus Semien,TEX,2B,2B9,,,,
138,Jeremy Peña,HOU,SS,SS11,,,,
139,Gavin Williams,CLE,SP,SP43,,,,
140,Michael King,SD,SP,SP44,,,,
141,Nick Lodolo,CIN,SP,SP45,,,,
142,Michael Harris II,ATL,OF,OF29,,,,
143,Andy Pages,LAD,OF,OF30,,,,
144,Daniel Palencia,CHC,RP,RP18,,,,
145,Jacob Wilson,OAK,SS,SS12,,,,
146,Bryan Abreu,HOU,RP,RP19,,,,
147,Drew Rasmussen,TB,SP,SP46,,,,
148,Emmet Sheehan,LAD,SP,SP47,,,,
149,Isaac Paredes,HOU,3B,3B9,,,,
150,Brandon Lowe,TB,2B,2B10,,,,
151,Alec Burleson,STL,1B/OF,1B11,,,,
152,Oneil Cruz,PIT,OF,OF31,,,,
153,Bryson Stott,PHI,2B,2B11,,,,
154,CJ Abrams,WSH,SS,SS13,,,,
155,Ceddanne Rafaela,BOS,2B/OF,2B12,,,,
156,Griffin Jax,TB,RP,RP20,,,,
157,Jackson Holliday,BAL,2B,2B13,,,,
158,Jack Flaherty,DET,SP,SP48,,,,
159,Matthew Boyd,CHC,SP,SP49,,,,
160,Shota Imanaga,CHC,SP,SP50,,,,
161,Robbie Ray,SF,SP,SP51,,,,
162,Trey Yesavage,TOR,SP,SP52,,,,
163,Jordan Westburg,BAL,3B,3B10,,,,
164,Ernie Clement,TOR,2B/3B/SS,2B14,,,,
165,Sandy Alcantara,MIA,SP,SP53,,,,
166,Bryan Reynolds,PIT,OF,OF32,,,,
167,Trevor Rogers,BAL,SP,SP54,,,,
168,Brendan Donovan,STL,2B,2B15,,,,
169,Abner Uribe,MIL,RP,RP21,,,,
170,Alejandro Kirk,TOR,C,C12,,,,
171,Yandy Díaz,TB,1B,1B12,,,,
172,Luis Arraez,SD,1B,1B13,,,,
173,Zach Neto,LAA,SS,SS14,,,,
174,Mike Trout,LAA,OF,OF33,,,,
175,Caleb Durbin,MIL,3B,3B11,,,,
176,Andrew Abbott,CIN,SP,SP55,,,,
177,Xavier Edwards,MIA,2B/SS,2B16,,,,
178,Robert Suarez,SD,RP,RP22,,,,
179,Michael Busch,CHC,1B,1B14,,,,
180,Carlos Rodón,NYY,SP,SP56,,,,
181,Luis García Jr.,WSH,2B,2B17,,,,
182,Jakob Marsee,MIA,OF,OF34,,,,
183,Merrill Kelly,TEX,SP,SP57,,,,
184,Jo Adell,LAA,OF,OF35,,,,
185,Aaron Nola,PHI,SP,SP58,,,,
186,Kyle Stowers,MIA,OF,OF36,,,,
187,Trevor Story,BOS,SS,SS15,,,,
188,Max Muncy,OAK,3B,3B12,,,,
189,Spencer Torkelson,DET,1B,1B15,,,,
190,Miguel Vargas,CWS,1B/3B,1B16,,,,
191,Cade Horton,CHC,SP,SP59,,,,
192,Ryan O'Hearn,SD,1B/OF,1B17,,,,
193,Otto Lopez,MIA,2B/SS,2B18,,,,
194,Kris Bubic,KC,SP,SP60,,,,
195,Alec Bohm,PHI,3B,3B13,,,,
196,Chandler Simpson,TB,OF,OF37,,,,
197,Royce Lewis,MIN,3B,3B14,,,,
198,Luis Robert Jr.,CWS,OF,OF38,,,,
199,Ryan Walker,SF,RP,RP23,,,,
200,Jung Hoo Lee,SF,OF,OF39,,,,
201,Jorge Polanco,SEA,2B,2B19,,,,
202,Edward Cabrera,MIA,SP,SP61,,,,
203,José Caballero,TB,2B/3B/SS/OF,2B20,,,,
204,Bubba Chandler,PIT,SP,SP62,,,,
205,Dansby Swanson,CHC,SS,SS16,,,,
206,Christian Walker,HOU,1B,1B18,,,,
207,Noelvi Marte,CIN,3B/OF,3B15,,,,
208,Roki Sasaki,LAD,SP,SP63,,,,
209,Sal Frelick,MIL,OF,OF40,,,,
210,Jason Adam,SD,RP,RP24,,,,
211,Robert Garcia,TEX,RP,RP25,,,,
212,Gabriel Moreno,ARI,C,C13,,,,
213,Giancarlo Stanton,NYY,OF,OF41,,,,
214,Jeremiah Estrada,SD,RP,RP26,,,,
215,Sal Stewart,CIN,1B/3B,1B19,,,,
216,Addison Barger,TOR,3B/OF,3B16,,,,
217,J.T. Realmuto,PHI,C,C14,,,,
218,Lawrence Butler,OAK,OF,OF42,,,,
219,Samuel Basallo,BAL,C,C15,,,,
220,Jonathan India,KC,2B/3B/OF,2B21,,,,
221,Dennis Santana,PIT,RP,RP27,,,,
222,Garrett Whitlock,BOS,RP,RP28,,,,
223,Nolan Arenado,STL,3B,3B17,,,,
224,Shane Baz,TB,SP,SP64,,,,
225,Shane Bieber,TOR,SP,SP65,,,,
226,Carlos Correa,MIN,3B/SS,3B18,,,,
227,Bailey Ober,MIN,SP,SP66,,,,
228,Willson Contreras,STL,1B,1B20,,,,
229,Ian Seymour,TB,SP/RP,SP67,,,,
230,Tyler Rogers,SF,RP,RP29,,,,
231,Austin Wells,NYY,C,C16,,,,
232,Adrian Morejon,SD,RP,RP30,,,,
233,Marcell Ozuna,ATL,DH,DH3,,,,
234,Kerry Carpenter,DET,OF,OF43,,,,
235,Adolis García,TEX,OF,OF44,,,,
236,Kodai Senga,NYM,SP,SP68,,,,
237,Brenton Doyle,COL,OF,OF45,,,,
238,Hunter Gaddis,CLE,RP,RP31,,,,
239,Bryce Miller,SEA,SP,SP69,,,,
240,Heliot Ramos,SF,OF,OF46,,,,
241,Kyle Teel,CWS,C,C17,,,,
242,Trent Grisham,NYY,OF,OF47,,,,
243,Daulton Varsho,TOR,OF,OF48,,,,
244,Wilyer Abreu,BOS,OF,OF49,,,,
245,Colson Montgomery,CWS,SS,SS17,,,,
246,Yusei Kikuchi,LAA,SP,SP70,,,,
247,Colt Keith,DET,2B/3B,2B22,,,,
248,Will Vest,DET,RP,RP32,,,,
249,Xander Bogaerts,SD,SS,SS18,,,,
250,Noah Cameron,KC,SP,SP71,,,,
251,Mitch Keller,PIT,SP,SP72,,,,
252,Edwin Uceta,TB,RP,RP33,,,,
253,Luke Weaver,NYY,RP,RP34,,,,
254,Jac Caglianone,KC,OF,OF50,,,,
255,Spencer Schwellenbach,ATL,SP,SP73,,,,
256,Alex Vesia,LAD,RP,RP35,,,,
257,Tommy Edman,LAD,2B/OF,2B23,,,,
258,Brayan Bello,BOS,SP,SP74,,,,
259,Francisco Alvarez,NYM,C,C18,,,,
260,Javier Sanoja,MIA,2B/3B/OF/RP,2B24,,,,
261,Seranthony Domínguez,TOR,RP,RP36,,,,
262,Daylen Lile,WSH,OF,OF51,,,,
263,Brady Singer,CIN,SP,SP75,,,,
264,Jake Cronenworth,SD,2B,2B25,,,,
265,Jack Leiter,TEX,SP,SP76,,,,
266,Brooks Lee,MIN,2B/3B/SS,2B26,,,,
267,TJ Friedl,CIN,OF,OF52,,,,
268,Willi Castro,MIN,2B/3B/OF,2B27,,,,
269,Chris Bassitt,TOR,SP,SP77,,,,
270,Dylan Crews,WSH,OF,OF53,,,,
271,Zach McKinstry,DET,3B/SS/OF,3B19,,,,
272,Seth Lugo,KC,SP,SP78,,,,
273,Matt Strahm,PHI,RP,RP37,,,,
274,Matt McLain,CIN,2B,2B28,,,,
275,Josh Smith,TEX,1B/3B/SS,1B21,,,,
276,Clay Holmes,NYM,SP,SP79,,,,
277,Justin Verlander,SF,SP,SP80,,,,
278,Javier Báez,DET,3B/SS/OF,3B20,,,,
279,Tanner Scott,LAD,RP,RP38,,,,
280,Carter Jensen,KC,C,C19,,,,
281,JoJo Romero,STL,RP,RP39,,,,
282,Camilo Doval,SF,RP,RP40,,,,
283,Tony Santillan,CIN,RP,RP41,,,,
284,Michael Wacha,KC,SP,SP81,,,,
285,José Soriano,LAA,SP,SP82,,,,
286,Kyle Finnegan,DET,RP,RP42,,,,
287,Quinn Priester,MIL,SP,SP83,,,,
288,Justin Steele,CHC,SP,SP84,,,,
289,Jonathan Aranda,TB,1B,1B22,,,,
290,Dillon Dingler,DET,C,C20,,,,
291,Shane Smith,CWS,SP,SP85,,,,
292,Masyn Winn,STL,SS,SS19,,,,
293,Jeff McNeil,NYM,2B/OF,2B29,,,,
294,Ryne Nelson,ARI,SP/RP,SP86,,,,
295,J.P. Crawford,SEA,SS,SS20,,,,
296,Carson Kelly,CHC,C,C21,,,,
297,Joey Cantillo,CLE,SP/RP,SP87,,,,
298,Carlos Narváez,BOS,C,C22,,,,
299,Jasson Domínguez,NYY,OF,OF54,,,,
300,Ryan Jeffers,MIN,C,C23,,,,
301,José Berríos,TOR,SP,SP88,,,,
302,Matt Brash,SEA,RP,RP43,,,,
303,Luis Gil,NYY,SP,SP89,,,,
304,Ryan McMahon,NYY,3B,3B21,,,,
305,Casey Mize,DET,SP,SP90,,,,
306,Brad Keller,CHC,RP,RP44,,,,
307,Logan Henderson,MIL,SP,SP91,,,,
308,Spencer Steer,CIN,1B,1B23,,,,
309,Mauricio Dubón,HOU,2B/3B/SS/OF,2B30,,,,
310,Iván Herrera,STL,DH,DH4,,,,
311,Hyeseong Kim,LAD,2B,2B31,,,,
312,Anthony Volpe,NYY,SS,SS21,,,,
313,Reid Detmers,LAA,RP,RP45,,,,
314,Miguel Rojas,LAD,2B/3B/SS,2B32,,,,
315,Connelly Early,BOS,SP,SP92,,,,
316,Kyle Manzardo,CLE,1B,1B24,,,,
317,Ezequiel Tovar,COL,SS,SS22,,,,
318,Paul Goldschmidt,NYY,1B,1B25,,,,
319,Corbin Burnes,ARI,SP,SP93,,,,
320,Andrew Vaughn,CWS,1B,1B26,,,,
321,Harrison Bader,MIN,OF,OF55,,,,
322,David Peterson,NYM,SP,SP94,,,,
323,Enrique Hernández,LAD,1B/3B/OF,1B27,,,,
324,Bo Naylor,CLE,C,C24,,,,
325,Logan O'Hoppe,LAA,C,C25,,,,
326,Mark Vientos,NYM,3B,3B22,,,,
327,Patrick Bailey,SF,C,C26,,,,
328,Lenyn Sosa,CWS,1B/2B,1B28,,,,
329,Bryan King,HOU,RP,RP46,,,,
330,Brett Baty,NYM,2B/3B,2B33,,,,
331,Matt Shaw,CHC,3B,3B23,,,,
332,Luisangel Acuña,NYM,2B,2B34,,,,
333,Andrés Giménez,TOR,2B,2B35,,,,
334,Jameson Taillon,CHC,SP,SP95,,,,
335,Marcelo Mayer,BOS,3B,3B24,,,,
336,Reynaldo López,ATL,SP,SP96,,,,
337,Nick Martinez,CIN,SP/RP,SP97,,,,
338,Nolan Gorman,STL,2B/3B,2B36,,,,
339,Ramón Laureano,SD,OF,OF56,,,,
340,Jack Dreyer,LAD,SP/RP,SP98,,,,
341,Chase DeLauter,CLE,OF,OF57,,,,
342,Liam Hicks,MIA,C/1B,C27,,,,
343,Jake Burger,TEX,1B,1B29,,,,
344,Sean Manaea,NYM,SP,SP99,,,,
345,Tyler Stephenson,CIN,C,C28,,,,
346,Brandon Marsh,PHI,OF,OF58,,,,
347,Fernando Cruz,NYY,RP,RP47,,,,
348,Mike Yastrzemski,SF,OF,OF59,,,,
349,Brandon Pfaadt,ARI,SP,SP100,,,,
350,Ryan Weathers,MIA,SP,SP101,,,,
351,Louis Varland,TOR,RP,RP48,,,,
352,Braxton Ashcraft,PIT,SP/RP,SP102,,,,
353,Evan Carter,TEX,OF,OF60,,,,
354,Emmanuel Clase,CLE,RP,RP49,,,,
355,Nick Castellanos,PHI,OF,OF61,,,,
356,Colton Cowser,BAL,OF,OF62,,,,
357,Pablo López,MIN,SP,SP103,,,,
358,José Alvarado,PHI,RP,RP50,,,,
359,Jared Triolo,PIT,1B/3B/SS,1B30,,,,
360,Freddy Fermin,SD,C,C29,,,,
361,Gabe Speier,SEA,RP,RP51,,,,
362,Max Scherzer,TOR,SP,SP104,,,,
363,Brooks Raley,NYM,RP,RP52,,,,
364,Jonah Tong,NYM,SP,SP105,,,,
365,Kevin Ginkel,ARI,RP,RP53,,,,
366,Keibert Ruiz,WSH,C,C30,,,,
367,Ke'Bryan Hayes,PIT,3B,3B25,,,,
368,Joey Bart,PIT,C,C31,,,,
369,Miguel Andujar,OAK,3B/OF,3B26,,,,
370,Clayton Kershaw,LAD,SP,SP106,,,,
371,Sean Murphy,ATL,C,C32,,,,
372,Pedro Pagés,STL,C,C33,,,,
373,Payton Tolle,BOS,SP,SP107,,,,
374,Josh Jung,TEX,3B,3B27,,,,
375,Cedric Mullins,BAL,OF,OF63,,,,
376,Lucas Erceg,KC,RP,RP54,,,,
377,Jesús Sánchez,MIA,OF,OF64,,,,
378,Zach Eflin,BAL,SP,SP108,,,,
379,Ha-Seong Kim,TB,SS,SS23,,,,
380,Justin Slaten,BOS,RP,RP55,,,,
381,Davis Schneider,TOR,2B/OF,2B37,,,,
382,Lars Nootbaar,STL,OF,OF65,,,,
383,Matthew Liberatore,STL,SP,SP109,,,,
384,Ben Joyce,LAA,RP,RP56,,,,
385,Miguel Amaya,CHC,C,C34,,,,
386,Michael Soroka,CHC,SP,SP110,,,,
387,Kyle Higashioka,TEX,C,C35,,,,
388,Max Meyer,MIA,SP,SP111,,,,
389,Will Warren,NYY,SP,SP112,,,,
390,Chase Meidroth,CWS,2B/SS,2B38,,,,
391,Johan Oviedo,PIT,SP,SP113,,,,
392,Christian Moore,LAA,2B,2B39,,,,
393,Victor Scott II,STL,OF,OF66,,,,
394,Jordan Walker,STL,OF,OF67,,,,
395,Hurston Waldrep,ATL,SP,SP114,,,,
396,Dalton Rushing,LAD,C,C36,,,,
397,Kirby Yates,LAD,RP,RP57,,,,
398,Carlos Santana,CHC,1B,1B31,,,,
399,Josh Bell,WSH,1B,1B32,,,,
400,Tyler O'Neill,BAL,OF,OF68,,,,
401,Nolan Schanuel,LAA,1B,1B33,,,,
402,Joey Ortiz,MIL,SS,SS24,,,,
403,Luis Severino,OAK,SP,SP115,,,,
404,Connor Wong,BOS,C,C37,,,,
405,Phil Maton,STL,RP,RP58,,,,
406,Blake Treinen,LAD,RP,RP59,,,,
407,Orion Kerkering,PHI,RP,RP60,,,,
408,Jonah Heim,TEX,C,C38,,,,
409,T.J. McFarland,OAK,SP,SP116,,,,
410,Masataka Yoshida,BOS,DH,DH5,,,,
411,Jalen Beeks,ARI,SP,SP117,,,,
412,Yariel Rodríguez,TOR,RP,RP61,,,,
413,Nick Gonzales,PIT,2B,2B40,,,,
414,Keider Montero,DET,SP/RP,SP118,,,,
415,Luis Rengifo,LAA,2B/3B,2B41,,,,
416,Grant Holmes,ATL,SP,SP119,,,,
417,Shawn Armstrong,TEX,RP,RP62,,,,
418,Jake Rogers,DET,C,C39,,,,
419,Edmundo Sosa,PHI,2B/3B,2B42,,,,
420,Danny Jansen,TB,C,C40,,,,
421,Romy Gonzalez,BOS,1B/2B,1B34,,,,
422,Wilmer Flores,SF,RP,RP63,,,,
423,Daniel Schneemann,CLE,2B/3B/OF,2B43,,,,
424,Dustin May,BOS,SP,SP120,,,,
425,Riley O'Brien,STL,RP,RP64,,,,
426,Jordan Beck,COL,OF,OF69,,,,
427,Ben Casparius,LAD,RP,RP65,,,,
428,Bryce Eldridge,SF,DH,DH6,,,,
429,Cole Young,SEA,2B,2B44,,,,
430,Jose Corniell,TEX,SP,SP121,,,,
431,Anthony DeSclafani,ARI,SP,SP122,,,,
432,Jordan Lawlar,ARI,3B,3B28,,,,
433,Otto Kemp,PHI,1B/3B,1B35,,,,
434,Angel Martínez,CLE,2B/OF,2B45,,,,
435,Kristian Campbell,BOS,2B,2B46,,,,
436,Henry Davis,PIT,C,C41,,,,
437,Zac Veen,COL,OF,OF70,,,,
438,Luis Torrens,NYM,C,C42,,,,
439,Alex Call,LAD,OF,OF71,,,,
440,Andrew Kittredge,BAL,RP,RP66,,,,
441,Lourdes Gurriel Jr.,ARI,OF,OF72,,,,
442,Jake McCarthy,ARI,OF,OF73,,,,
443,Rhys Hoskins,MIL,1B,1B36,,,,
444,Ryan Mountcastle,BAL,1B,1B37,,,,
445,Alexis Díaz,ATL,RP,RP67,,,,
446,Andrew Benintendi,CWS,OF,OF74,,,,
447,Luke Raley,SEA,1B/OF,1B38,,,,
448,Isiah Kiner-Falefa,PIT,3B/SS,3B29,,,,
449,Dylan Moore,SEA,2B/SS/OF,2B47,,,,
450,Garrett Cleavinger,TB,RP,RP68,,,,
451,Michael Lorenzen,KC,SP,SP123,,,,
452,Zack Littell,TB,SP,SP124,,,,
453,Adam Ottavino,NYY,SP,SP125,,,,
454,Kyle Isbel,KC,OF,OF75,,,,
455,Gavin Sheets,SD,OF,OF76,,,,
456,Dylan Lee,ATL,RP,RP69,,,,
457,Jared Koenig,MIL,RP,RP70,,,,
458,Mickey Moniak,COL,OF,OF77,,,,
459,Brayan Rocchio,CLE,2B/SS,2B48,,,,
460,Will Benson,CIN,OF,OF78,,,,
461,Trevor Richards,ARI,RP,RP71,,,,
462,Spencer Horwitz,PIT,1B,1B39,,,,
463,Caleb Thielbar,CHC,RP,RP72,,,,
464,Johan Rojas,PHI,OF,OF79,,,,
465,Kyle Freeland,COL,SP,SP126,,,,
466,Jake Bauers,MIL,1B/OF,1B40,,,,
467,Brendon Little,TOR,RP,RP73,,,,
468,Amed Rosario,NYY,2B/3B,2B49,,,,
469,Ben Brown,CHC,SP/RP,SP127,,,,
470,Parker Meadows,DET,OF,OF80,,,,
471,Michael McGreevy,STL,SP,SP128,,,,
472,Nick Fortes,TB,C,C43,,,,
473,Cristian Javier,HOU,SP,SP129,,,,
474,Eduardo Rodriguez,ARI,SP,SP130,,,,
475,Edouard Julien,MIN,1B/2B,1B41,,,,
476,Steven Matz,STL,RP,RP74,,,,
477,Ildemaro Vargas,ARI,1B/2B,1B42,,,,
478,Justin Wrobleski,LAD,RP,RP75,,,,
479,Garrett Mitchell,MIL,OF,OF81,,,,
480,Bryce Elder,ATL,SP,SP131,,,,
481,Austin Hays,CIN,OF,OF82,,,,
482,Joey Loperfido,TOR,OF,OF83,,,,
483,Jorge Mateo,BAL,SS/OF,SS25,,,,
484,Bobby Miller,LAD,SP/RP,SP132,,,,
485,Travis Jankowski,TB,RF,RF1,,,,
486,Lucas Giolito,BOS,SP,SP133,,,,
487,Cade Cavalli,WSH,SP,SP134,,,,
488,Parker Messick,CLE,SP,SP135,,,,
489,Grant Taylor,CWS,RP,RP76,,,,
490,Dylan Beavers,BAL,OF,OF84,,,,
491,Jacob Lopez,OAK,SP,SP136,,,,
492,Mike Burrows,PIT,SP,SP137,,,,
493,Jordan Romano,PHI,RP,RP77,,,,
494,Tomoyuki Sugano,BAL,SP,SP138,,,,
495,CJ Kayfus,CLE,1B/OF,1B43,,,,
496,Edgar Quero,CWS,C,C44,,,,
497,Moisés Ballesteros,CHC,DH,DH7,,,,
498,Will Klein,LAD,RP,RP78,,,,
499,Félix Bautista,BAL,RP,RP79,,,,
500,Denzel Clarke,OAK,OF,OF85,,,,
501,Troy Johnston,MIA,1B/OF,1B44,,,,
502,Harry Ford,SEA,C,C45,,,,
503,Gabriel Arias,CLE,2B/SS,2B50,,,,
504,Alek Thomas,ARI,OF,OF86,,,,
505,Isaac Collins,MIL,OF,OF87,,,,
506,Nathan Lukes,TOR,OF,OF88,,,,
507,Blaze Alexander,ARI,3B,3B30,,,,
508,Casey Schmitt,SF,2B/3B,2B51,,,,
509,Kody Clemens,MIN,1B/2B,1B45,,,,
510,Tim Tawa,ARI,1B/2B/OF,1B46,,,,
511,Yohel Pozo,STL,C,C46,,,,
512,Nick Martini,COL,RF,RF2,,,,
513,Anthony Santander,TOR,OF,OF89,,,,
514,Yennier Cano,BAL,RP,RP80,,,,
515,Lane Thomas,CLE,OF,OF90,,,,
516,JJ Bleday,OAK,OF,OF91,,,,
517,Jacob Young,WSH,OF,OF92,,,,
518,Nathaniel Lowe,BOS,1B,1B47,,,,
519,Bryan De La Cruz,ATL,OF,OF93,,,,
520,Alex Verdugo,ATL,LF,LF1,,,,
521,Joel Payamps,ATL,RP,RP81,,,,
522,Erick Fedde,STL,SP/RP,SP139,,,,
523,Joc Pederson,TEX,DH,DH8,,,,
524,Michael Kopech,LAD,SP,SP140,,,,
525,Ryan Pressly,CHC,SP,SP141,,,,
526,Christopher Morel,TB,OF,OF94,,,,
527,Andrew McCutchen,PIT,RF,RF3,,,,
528,Michael Conforto,LAD,LF,LF2,,,,
529,Hunter Harvey,KC,RP,RP82,,,,
530,Tobias Myers,MIL,SP/RP,SP142,,,,
531,Tyler Holton,DET,SP/RP,SP143,,,,
532,Craig Kimbrel,ATL,RP,RP83,,,,
533,Jake Meyers,HOU,OF,OF95,,,,
534,Ryan Thompson,ARI,RP,RP84,,,,
535,Justin Turner,CHC,1B,1B48,,,,
536,Chad Green,TOR,RP,RP85,,,,
537,Luis Ortiz,CLE,SP,SP144,,,,
538,John Schreiber,KC,RP,RP86,,,,
539,Tyler Kinley,ATL,RP,RP87,,,,
540,A.J. Puk,ARI,RP,RP88,,,,
541,Reese Olson,DET,SP,SP145,,,,
542,Scott Barlow,CIN,RP,RP89,,,,
543,Taj Bradley,TB,SP,SP146,,,,
544,Justin Martinez,ARI,RP,RP90,,,,
545,Orlando Arcia,ATL,2B/3B/SS,2B52,,,,
546,Ty France,TOR,1B,1B49,,,,
547,Jake Irvin,WSH,SP,SP147,,,,
548,Ryan Yarbrough,NYY,SP/RP,SP148,,,,
549,Yu Darvish,SD,SP,SP149,,,,
550,Blake Perkins,MIL,OF,OF96,,,,
551,Porter Hodge,CHC,RP,RP91,,,,
552,Mark Leiter Jr.,NYY,RP,RP92,,,,
553,Tyler Anderson,LAA,SP,SP150,,,,
554,Jose Quintana,MIL,SP,SP151,,,,
555,Charlie Morton,ATL,SP,SP152,,,,
556,Max Schuemann,OAK,2B/3B/SS,2B53,,,,
557,Jose Siri,NYM,OF,OF97,,,,
558,Mitchell Parker,WSH,SP,SP153,,,,
559,Keegan Akin,BAL,RP,RP93,,,,
560,Simeon Woods Richardson,MIN,SP,SP154,,,,
561,Dean Kremer,BAL,SP,SP155,,,,
562,Andre Pallante,STL,SP,SP156,,,,
563,Trevor Larnach,MIN,OF,OF98,,,,
564,Anthony Bender,MIA,RP,RP94,,,,
565,Mark Canha,KC,OF,OF99,,,,
566,Josh Rojas,CWS,2B/3B,2B54,,,,
567,Yimi García,TOR,RP,RP95,,,,
568,Matt Waldron,SD,SP,SP157,,,,
569,Chris Martin,TEX,RP,RP96,,,,
570,Pierce Johnson,ATL,RP,RP97,,,,
571,Tyler Ferguson,OAK,RP,RP98,,,,
572,Ryan Feltner,COL,SP,SP158,,,,
573,Colin Rea,CHC,SP,SP159,,,,
574,MJ Melendez,KC,OF,OF100,,,,
575,Gio Urshela,OAK,3B,3B31,,,,
576,Wenceel Pérez,DET,OF,OF101,,,,
577,Brennan Bernardino,BOS,RP,RP99,,,,
578,Nick Mears,MIL,RP,RP100,,,,
579,Paul Sewald,CLE,RP,RP101,,,,
580,Hunter Renfroe,KC,RF,RF4,,,,
581,Tanner Banks,PHI,RP,RP102,,,,
582,Yuki Matsui,SD,RP,RP103,,,,
583,Rowdy Tellez,SEA,1B,1B50,,,,
584,Anthony Banda,LAD,RP,RP104,,,,
585,Miles Mikolas,STL,SP,SP160,,,,
586,Jon Gray,TEX,SP,SP161,,,,
587,Gregory Soto,BAL,RP,RP105,,,,
588,LaMonte Wade Jr.,SF,1B/OF,1B51,,,,
589,Manuel Rodríguez,TB,RP,RP106,,,,
590,Mitch Garver,SEA,C,C47,,,,
591,Jake Fraley,ATL,OF,OF102,,,,
592,Beau Brieske,DET,RP,RP107,,,,
593,Marcus Stroman,NYY,SP,SP162,,,,
594,Shelby Miller,MIL,RP,RP108,,,,
595,Carlos Carrasco,ATL,SP,SP163,,,,
596,Chris Flexen,CHC,RP,RP109,,,,
597,Greg Weissert,BOS,RP,RP110,,,,
598,Tyler Freeman,COL,OF,OF103,,,,
599,Dane Dunning,TEX,RP,RP111,,,,
600,Hoby Milner,TEX,RP,RP112,,,,
601,Victor Robles,SEA,OF,OF104,,,,
602,Ian Hamilton,NYY,RP,RP113,,,,
603,A.J. Minter,NYM,RP,RP114,,,,
604,Tyrone Taylor,NYM,OF,OF105,,,,
605,Jakob Junis,CLE,RP,RP115,,,,
606,Carmen Mlodzinski,PIT,SP/RP,SP164,,,,
607,Huascar Brazobán,NYM,RP,RP116,,,,
608,Travis d'Arnaud,LAA,C,C48,,,,
609,Wandy Peralta,SD,RP,RP117,,,,
610,Brent Suter,CIN,RP,RP118,,,,
611,Chris Stratton,KC,SP,SP165,,,,
612,Erik Swanson,TOR,SP,SP166,,,,
613,Landon Knack,LAD,SP,SP167,,,,
614,Brant Hurter,DET,RP,RP119,,,,
615,Kyle Leahy,STL,RP,RP120,,,,
616,Logan Allen,CLE,SP,SP168,,,,
617,Aaron Bummer,ATL,RP,RP121,,,,
618,Oswaldo Cabrera,NYY,3B,3B32,,,,
619,Richie Palacios,TB,2B/OF,2B55,,,,
620,Will Brennan,CLE,OF,OF106,,,,
621,Tylor Megill,NYM,SP,SP169,,,,
622,Steven Okert,HOU,RP,RP122,,,,
623,Elias Díaz,SD,C,C49,,,,
624,Luke Jackson,SEA,SP,SP170,,,,
625,Jordan Leasure,CWS,RP,RP123,,,,
626,Tim Hill,NYY,RP,RP124,,,,
627,Rob Refsnyder,BOS,OF,OF107,,,,
628,Aaron Ashby,MIL,RP,RP125,,,,
629,Ramón Urías,BAL,2B/3B,2B56,,,,
630,Landen Roupp,SF,SP,SP171,,,,
631,Jose Iglesias,SD,2B,2B57,,,,
632,Hayden Birdsong,SF,SP/RP,SP172,,,,
633,Taijuan Walker,PHI,SP/RP,SP173,,,,
634,Jacob Stallings,BAL,C,C50,,,,
635,Eduard Bazardo,SEA,RP,RP126,,,,
636,Jake Bird,NYY,RP,RP127,,,,
637,Davis Martin,CWS,SP,SP174,,,,
638,Jeffrey Springs,OAK,SP,SP175,,,,
639,Ben Rortvedt,TB,C,C51,,,,
640,Cade Povich,BAL,SP,SP176,,,,
641,Matt Wallner,MIN,OF,OF108,,,,
642,Gary Sánchez,BAL,C,C52,,,,
643,Ronny Henriquez,MIA,RP,RP128,,,,
644,Victor Caratini,HOU,C,C53,,,,
645,Christian Vázquez,MIN,C,C54,,,,
646,George Soriano,MIA,RP,RP129,,,,
647,Yilber Díaz,ARI,SP/RP,SP177,,,,
648,Nolan Jones,CLE,OF,OF109,,,,
649,Walker Buehler,PHI,SP,SP178,,,,
650,Adrian Houser,TB,SP,SP179,,,,
651,Slade Cecconi,CLE,SP,SP180,,,,
652,Grant Anderson,MIL,RP,RP130,,,,
653,Graham Ashcraft,CIN,RP,RP131,,,,
654,Jordan Wicks,CHC,RP,RP132,,,,
655,Stuart Fairchild,ATL,OF,OF110,,,,
656,Triston Casas,BOS,1B,1B52,,,,
657,James McCann,ARI,C,C55,,,,
658,Touki Toussaint,LAA,RP,RP133,,,,
659,Ezequiel Duran,TEX,1B/SS,1B53,,,,
660,Taylor Walls,TB,SS,SS26,,,,
661,Jose Trevino,CIN,C,C56,,,,
662,Chris Taylor,LAA,OF,OF111,,,,
663,Dylan Carlson,BAL,OF,OF112,,,,
664,Justyn-Henry Malloy,DET,OF,OF113,,,,
665,Tim Anderson,LAA,SS,SS27,,,,
666,Juan Mejia,COL,RP,RP134,,,,
667,Chad Patrick,MIL,SP,SP181,,,,
668,Clayton Beeter,NYY,RP,RP135,,,,
669,Drew Pomeranz,CHC,RP,RP136,,,,
670,Kade Strowd,BAL,RP,RP137,,,,
671,Brady House,WSH,3B,3B33,,,,
672,Mason Montgomery,TB,RP,RP138,,,,
673,Jimmy Herget,COL,RP,RP139,,,,
674,Brad Lord,WSH,SP/RP,SP182,,,,
675,Carlos Vargas,SEA,RP,RP140,,,,
676,Seth Halvorsen,COL,RP,RP141,,,,
677,Connor Phillips,CIN,RP,RP142,,,,
678,Tyler Mahle,TEX,SP,SP183,,,,
679,Gordon Graceffo,STL,RP,RP143,,,,
680,Mick Abel,MIN,SP,SP184,,,,
681,Chase Dollander,COL,SP,SP185,,,,
682,Carson Williams,TB,SS,SS28,,,,
683,Eric Lauer,TOR,SP/RP,SP186,,,,
684,Bennett Sousa,HOU,RP,RP144,,,,
685,Mike Vasil,CWS,RP,RP145,,,,
686,Cam Smith,HOU,OF,OF114,,,,
687,Logan Evans,SEA,SP,SP187,,,,
688,Sean Newcomb,OAK,SP/RP,SP188,,,,
689,Owen Caissie,CHC,OF,OF115,,,,
690,Carlos Rodriguez,MIL,SP,SP189,,,,
691,Mason Fluharty,TOR,RP,RP146,,,,
692,Germán Márquez,COL,SP,SP190,,,,
693,Rob Zastryzny,MIL,RP,RP147,,,,
694,Austin Warren,NYM,RP,RP148,,,,
695,Jonathan Bowlan,KC,RP,RP149,,,,
696,Eric Orze,TB,RP,RP150,,,,
697,Edgardo Henriquez,LAD,RP,RP151,,,,
698,Luis Guerrero,BOS,SP,SP191,,,,
699,Luis Peralta,COL,RP,RP152,,,,
700,Liam Hendriks,BOS,RP,RP153,,,,
701,Omar Cruz,SD,SP/RP,SP192,,,,
702,Carl Edwards Jr.,TEX,SP/RP,SP193,,,,
703,Jake Mangum,TB,OF,OF116,,,,
704,Dominic Canzone,SEA,OF,OF117,,,,
705,George Valera,CLE,OF,OF118,,,,
706,Pavin Smith,ARI,1B,1B54,,,,
707,Brooks Baldwin,CWS,OF,OF119,,,,
708,Robert Hassell III,WSH,OF,OF120,,,,
709,Jeremiah Jackson,BAL,3B/OF,3B34,,,,
710,Kyle Karros,COL,3B,3B35,,,,
711,Nasim Nuñez,WSH,2B/SS,2B58,,,,
712,Blaine Crim,TEX,1B,1B55,,,,
713,Cody Freeman,TEX,2B/OF,2B59,,,,
714,Thomas Saggese,STL,2B/SS,2B60,,,,
715,Ryan Ritter,COL,2B/SS,2B61,,,,
716,Alex Freeland,LAD,2B/3B,2B62,,,,
717,Yoán Moncada,LAA,3B,3B36,,,,
718,Ronny Mauricio,NYM,3B,3B37,,,,
719,Braxton Fulford,COL,C,C57,,,,
720,Griffin Conine,MIA,OF,OF121,,,,
721,Andrés Chaparro,WSH,1B,1B56,,,,
722,Alan Roden,TOR,OF,OF122,,,,
723,Darell Hernaiz,OAK,2B/3B/SS,2B63,,,,
724,Dane Myers,MIA,OF,OF123,,,,
725,Nick Solak,PIT,1B/2B,1B57,,,,
726,Maximo Acosta,MIA,2B/3B/SS,2B64,,,,
727,Jimmy Crooks,STL,C,C58,,,,
728,Hunter Feduccia,TB,C,C59,,,,
729,J.C. Escarra,NYY,C,C60,,,,
730,Nick Loftin,KC,OF,OF124,,,,
731,Nick Allen,ATL,SS,SS29,,,,
732,Oswald Peraza,NYY,3B,3B38,,,,
733,Sam Haggerty,TEX,OF,OF125,,,,
734,Nick Yorke,PIT,1B/2B,1B58,,,,
735,Adael Amador,COL,2B,2B65,,,,
736,Jorge Barrosa,ARI,OF,OF126,,,,
737,Myles Straw,TOR,OF,OF127,,,,
738,Leo Rivas,SEA,2B,2B66,,,,
739,Bobby Dalbec,CWS,1B,1B59,,,,
740,Ryan Noda,BAL,1B/OF,1B60,,,,
741,Eric Wagaman,MIA,1B/OF,1B61,,,,
742,Jahmai Jones,DET,OF,OF128,,,,
743,Coby Mayo,BAL,1B,1B62,,,,
744,Trey Sweeney,DET,SS,SS30,,,,
745,Donovan Walton,PHI,2B/SS,2B67,,,,
746,David Robertson,PHI,SP,SP194,,,,
747,Jorge Soler,LAA,OF,OF129,,,,
748,Matt Vierling,DET,OF,OF130,,,,
749,Ronel Blanco,HOU,SP,SP195,,,,
750,Jesse Winker,NYM,LF,LF3,,,,
751,Nestor Cortes,SD,SP,SP196,,,,
752,Tanner Houck,BOS,SP,SP197,,,,
753,Zack Gelof,OAK,2B,2B68,,,,
754,Evan Phillips,LAD,RP,RP154,,,,
755,Leody Taveras,SEA,OF,OF131,,,,
756,Brendan Rodgers,HOU,2B,2B69,,,,
757,Michael Toglia,COL,1B,1B63,,,,
758,Bowden Francis,TOR,SP,SP198,,,,
759,Héctor Neris,ATL,RP,RP155,,,,
760,Ryne Stanek,NYM,RP,RP156,,,,
761,Gavin Lux,CIN,OF,OF132,,,,
762,Paul DeJong,WSH,3B,3B39,,,,
763,Ben Lively,CLE,SP,SP199,,,,
764,Tim Herrin,CLE,RP,RP157,,,,
765,Kevin Kelly,TB,RP,RP158,,,,
766,Cionel Pérez,BAL,SP,SP200,,,,
767,Colin Holderman,PIT,RP,RP159,,,,
768,Bryan Hudson,CWS,RP,RP160,,,,
769,Clarke Schmidt,NYY,SP,SP201,,,,
770,Reed Garrett,NYM,RP,RP161,,,,
771,Jorge Alcala,STL,RP,RP162,,,,
772,Jeimer Candelario,CIN,1B/3B,1B64,,,,
773,Andrew Heaney,PIT,SP,SP202,,,,
774,Tommy Pham,PIT,LF,LF4,,,,
775,Spencer Arrighetti,HOU,SP,SP203,,,,
776,Aaron Civale,CWS,SP,SP204,,,,
777,Jacob Webb,TEX,RP,RP163,,,,
778,Joe Mantiply,ARI,SP,SP205,,,,
779,José Leclerc,OAK,SP,SP206,,,,
780,Erik Miller,SF,RP,RP164,,,,
781,Albert Suárez,BAL,RP,RP165,,,,
782,Sean Hjelle,SF,SP,SP207,,,,
783,Jarred Kelenic,ATL,OF,OF133,,,,
784,JP Sears,OAK,SP,SP208,,,,
785,Hunter Strickland,LAA,RP,RP166,,,,
786,Jose Miranda,MIN,3B,3B40,,,,
787,Andrew Chafin,LAA,RP,RP167,,,,
788,Ryan Fernandez,STL,RP,RP168,,,,
789,Tommy Kahnle,DET,SP,SP209,,,,
790,Cole Sands,MIN,RP,RP169,,,,
791,Jorge López,WSH,SP,SP210,,,,
792,Trent Thornton,SEA,RP,RP170,,,,
793,Kyle Gibson,BAL,SP,SP211,,,,
794,Lucas Sims,WSH,RP,RP171,,,,
795,John Brebbia,ATL,RP,RP172,,,,
796,Frankie Montas,NYM,SP,SP212,,,,
797,Mitch Spence,OAK,SP/RP,SP213,,,,
798,Tayler Scott,ARI,RP,RP173,,,,
799,José Buttó,SF,RP,RP174,,,,
800,David Fry,CLE,DH,DH9,,,,
801,Nate Pearson,CHC,RP,RP175,,,,
802,Joey Estes,OAK,SP,SP214,,,,
803,Javier Assad,CHC,SP,SP215,,,,
804,Kyle Harrison,SF,SP,SP216,,,,
805,Bailey Falter,PIT,SP,SP217,,,,
806,Victor Vodnik,COL,RP,RP176,,,,
807,José Ureña,TOR,SP,SP218,,,,
808,Jonathan Cannon,CWS,SP,SP219,,,,
809,Tyler Alexander,CWS,SP/RP,SP220,,,,
810,Starling Marte,NYM,LF,LF5,,,,
811,Austin Gomber,COL,SP,SP221,,,,
812,Josh Lowe,TB,OF,OF134,,,,
813,Nick Sandlin,TOR,RP,RP177,,,,
814,Taylor Rogers,CHC,RP,RP178,,,,
815,Elvis Peguero,CWS,SP,SP222,,,,
816,Bryse Wilson,CWS,SP/RP,SP223,,,,
817,Caleb Ferguson,PIT,RP,RP179,,,,
818,Cooper Criswell,BOS,SP/RP,SP224,,,,
819,Griffin Canning,NYM,SP,SP225,,,,
820,Jordan Hicks,SF,SP/RP,SP226,,,,
821,Angel Zerpa,KC,RP,RP180,,,,
822,Jon Singleton,HOU,1B,1B65,,,,
823,Justin Wilson,BOS,SP,SP227,,,,
824,Danny Coulombe,TEX,SP,SP228,,,,
825,Kenta Maeda,DET,SP,SP229,,,,
826,Connor Joe,SD,OF,OF135,,,,
827,Santiago Espinal,CIN,3B,3B41,,,,
828,Tyler Fitzgerald,SF,2B,2B70,,,,
829,John King,STL,RP,RP181,,,,
830,Dedniel Núñez,NYM,RP,RP182,,,,
831,Zach Pop,SEA,SP,SP230,,,,
832,Enyel De Los Santos,ATL,RP,RP183,,,,
833,Zack Kelly,BOS,RP,RP184,,,,
834,Chris Paddack,MIN,SP,SP231,,,,
835,Jesus Tinoco,MIA,RP,RP185,,,,
836,Sam Moll,CIN,RP,RP186,,,,
837,Martín Pérez,CWS,SP,SP232,,,,
838,Max Kepler,PHI,LF,LF6,,,,
839,David Hamilton,BOS,2B,2B71,,,,
840,Seth Brown,OAK,OF,OF136,,,,
841,Michael Massey,KC,2B,2B72,,,,
842,Sam Long,KC,SP,SP233,,,,
843,Cal Quantrill,ATL,SP,SP234,,,,
844,Carson Spiers,CIN,SP,SP235,,,,
845,Scott Alexander,SF,SP,SP236,,,,
846,Tayler Saucedo,SEA,RP,RP187,,,,
847,Kyle Nicolas,PIT,RP,RP188,,,,
848,Kyle Hendricks,LAA,SP,SP237,,,,
849,Nicky Lopez,LAA,3B,3B42,,,,
850,Randy Rodríguez,SF,RP,RP189,,,,
851,Michael Tonkin,MIN,SP,SP238,,,,
852,Thairo Estrada,COL,2B,2B73,,,,
853,Korey Lee,CWS,C,C61,,,,
854,Mike Tauchman,CWS,OF,OF137,,,,
855,Osvaldo Bido,OAK,SP/RP,SP239,,,,
856,Cam Booser,CWS,RP,RP190,,,,
857,Patrick Corbin,TEX,SP,SP240,,,,
858,Trevor Williams,WSH,SP,SP241,,,,
859,Bryan Hoeing,SD,RP,RP191,,,,
860,Randy Vásquez,SD,SP,SP242,,,,
861,Jacob Latz,TEX,SP/RP,SP243,,,,
862,Eli Morgan,CHC,RP,RP192,,,,
863,Hayden Wesneski,HOU,SP,SP244,,,,
864,Josh Winckowski,BOS,SP,SP245,,,,
865,Michel Otañez,OAK,RP,RP193,,,,
866,Spencer Turnbull,TOR,SP,SP246,,,,
867,Brenan Hanifee,DET,RP,RP194,,,,
868,Hunter Stratton,PIT,RP,RP195,,,,
869,Danny Young,NYM,RP,RP196,,,,
870,Rafael Montero,ATL,RP,RP197,,,,
871,Seth Martinez,MIA,RP,RP198,,,,
872,Kevin Pillar,TEX,CF,CF1,,,,
873,Jonny DeLuca,TB,OF,OF138,,,,
874,Spencer Bivens,SF,RP,RP199,,,,
875,Roddery Muñoz,STL,RP,RP200,,,,
876,Ryan Brasier,CHC,RP,RP201,,,,
877,Joey Wentz,PIT,SP/RP,SP247,,,,
878,Daniel Lynch IV,KC,RP,RP202,,,,
879,Angel Chivilli,COL,RP,RP203,,,,
880,Randal Grichuk,ARI,RF,RF5,,,,
881,Michael Siani,STL,OF,OF139,,,,
882,Steven Wilson,CWS,RP,RP204,,,,
883,Kevin Newman,LAA,3B,3B43,,,,
884,Bryce Jarvis,ARI,RP,RP205,,,,
885,Sean Guenther,DET,RP,RP206,,,,
886,Manuel Margot,DET,OF,OF140,,,,
887,Abraham Toro,BOS,1B,1B66,,,,
888,Richard Lovelady,TOR,RP,RP207,,,,
889,Kaleb Ort,HOU,RP,RP208,,,,
890,Michael Kelly,OAK,RP,RP209,,,,
891,Roansy Contreras,BAL,SP/RP,SP248,,,,
892,David Festa,MIN,SP,SP249,,,,
893,Ryan Burr,TOR,SP,SP250,,,,
894,Joe Ross,PHI,RP,RP210,,,,
895,Tim Mayza,PIT,SP,SP251,,,,
896,Troy Taylor,SEA,RP,RP211,,,,
897,Jared Shuster,CWS,RP,RP212,,,,
898,Yohan Ramírez,PIT,RP,RP213,,,,
899,Donovan Solano,SEA,1B,1B67,,,,
900,Shawn Dubin,BAL,RP,RP214,,,,
901,Hogan Harris,OAK,RP,RP215,,,,
902,Luke Little,CHC,RP,RP216,,,,
903,Luis Campusano,SD,DH,DH10,,,,
904,Dillon Tate,TOR,SP,SP252,,,,
905,Paul Blackburn,NYY,RP,RP217,,,,
906,Ryan Zeferjahn,LAA,RP,RP218,,,,
907,Xzavion Curry,MIA,SP,SP253,,,,
908,Fraser Ellard,CWS,RP,RP219,,,,
909,Robert Gasser,MIL,SP,SP254,,,,
910,Bryan Baker,TB,RP,RP220,,,,
911,Daysbel Hernández,ATL,RP,RP221,,,,
912,Matt Bowman,BAL,RP,RP222,,,,
913,Nick Anderson,COL,RP,RP223,,,,
914,Kody Funderburk,MIN,RP,RP224,,,,
915,Sean Burke,CWS,SP,SP255,,,,
916,Carlos Hernández,PHI,RP,RP225,,,,
917,Dominic Smith,SF,1B,1B68,,,,
918,Hunter Bigge,TB,RP,RP226,,,,
919,Justin Lawrence,PIT,RP,RP227,,,,
920,Brock Stewart,MIN,RP,RP228,,,,
921,Jonah Bride,MIN,3B,3B44,,,,
922,Valente Bellozo,MIA,SP/RP,SP256,,,,
923,Eddie Rosario,ATL,OF,OF141,,,,
924,Ron Marinaccio,SD,RP,RP229,,,,
925,Stephen Kolek,SD,SP,SP257,,,,
926,Cole Sulser,TB,RP,RP230,,,,
927,Scott Blewett,MIN,RP,RP231,,,,
928,Erasmo Ramírez,MIN,SP,SP258,,,,
929,Tristan Beck,SF,RP,RP232,,,,
930,Grant Holman,OAK,RP,RP233,,,,
931,Jack Kochanowicz,LAA,SP,SP259,,,,
932,DL Hall,MIL,RP,RP234,,,,
933,Brock Burke,LAA,RP,RP235,,,,
934,J.T. Ginn,OAK,SP,SP260,,,,
935,Richard Fitts,BOS,SP,SP261,,,,
936,José Suarez,ATL,SP/RP,SP262,,,,
937,Brady Basso,OAK,RP,RP236,,,,
938,Tommy Nance,TOR,RP,RP237,,,,
939,Ethan Roberts,CHC,RP,RP238,,,,
940,Matt Festa,CLE,RP,RP239,,,,
941,Yosver Zulueta,CIN,RP,RP240,,,,
942,Joe Boyle,TB,SP,SP263,,,,
943,Tanner Rainey,PIT,RP,RP241,,,,
944,Darren McCaughan,MIN,SP/RP,SP264,,,,
945,Michael A. Taylor,CWS,RF,RF6,,,,
946,Alex Lange,DET,RP,RP242,,,,
947,Cody Bolton,CLE,RP,RP243,,,,
948,Emerson Hancock,SEA,SP,SP265,,,,
949,Mason Englert,TB,RP,RP244,,,,
950,Jason Heyward,SD,LF,LF7,,,,
951,Kolby Allard,CLE,RP,RP245,,,,
952,Keaton Winn,SF,RP,RP246,,,,
953,Cole Winn,TEX,RP,RP247,,,,
954,Bailey Horn,DET,RP,RP248,,,,
955,Triston McKenzie,CLE,SP/RP,SP266,,,,
956,Michael Petersen,ATL,RP,RP249,,,,
957,Julian Merryweather,CHC,RP,RP250,,,,
958,Tyler Wells,BAL,SP,SP267,,,,
959,Austin Martin,MIN,OF,OF142,,,,
960,Adam Frazier,PIT,2B/OF,2B74,,,,
961,Jack Suwinski,PIT,OF,OF143,,,,
962,Noah Davis,MIN,SP,SP268,,,,
963,Chas McCormick,HOU,OF,OF144,,,,
964,Vidal Bruján,ATL,3B,3B45,,,,
965,Sammy Peralta,LAA,SP/RP,SP269,,,,
966,Tyler Phillips,MIA,RP,RP251,,,,
967,Chris Devenski,NYM,RP,RP252,,,,
968,Andy Ibáñez,DET,3B,3B46,,,,
969,Zebby Matthews,MIN,SP,SP270,,,,
970,Mike Clevinger,CWS,RP,RP253,,,,
971,J.P. France,HOU,SP,SP271,,,,
972,Brett Wisely,SF,2B,2B75,,,,
973,Mason Black,SF,SP,SP272,,,,
974,Jake Woodford,ARI,RP,RP254,,,,
975,Bradley Blalock,COL,SP,SP273,,,,
976,Tommy Henry,ARI,SP,SP274,,,,
977,Adam Mazur,MIA,SP,SP275,,,,
978,Tanner Gordon,COL,SP,SP276,,,,
979,Kyle Farmer,COL,2B,2B76,,,,
980,Enmanuel Valdez,PIT,1B,1B69,,,,
981,Cavan Biggio,KC,OF,OF145,,,,
982,Austin Slater,CWS,OF,OF146,,,,
983,Trey Lipscomb,WSH,2B/3B/OF,2B77,,,,
984,DJ LeMahieu,NYY,2B,2B78,,,,
985,Garrett Hampson,STL,OF,OF147,,,,
986,Leo Jiménez,TOR,2B,2B79,,,,
987,Nick Ahmed,TEX,SS,SS31,,,,
988,Dominic Fletcher,CWS,OF,OF148,,,,
989,Matt Svanson,STL,RP,RP255,,,,
990,Cole Henry,WSH,RP,RP256,,,,
991,Joel Peguero,SF,RP,RP257,,,,
992,Drey Jameson,ARI,RP,RP258,,,,
993,David Morgan,SD,RP,RP259,,,,
994,Julian Fernández,LAD,RP,RP260,,,,
995,Dietrich Enns,BAL,RP,RP261,,,,
996,Elvis Alvarado,OAK,RP,RP262,,,,
997,Justin Sterner,OAK,RP,RP263,,,,
998,Cade Gibson,MIA,RP,RP264,,,,
999,Jovani Morán,BOS,SP/RP,SP277,,,,
1000,Luis Morales,OAK,SP,SP278,,,,
1001,Trevor McDonald,SF,SP,SP279,,,,
1002,Erik Sabrowski,CLE,RP,RP265,,,,
1003,Rico Garcia,NYY,RP,RP266,,,,
1004,Taylor Clarke,KC,RP,RP267,,,,
1005,Matt Gage,SF,RP,RP268,,,,
1006,Isaac Mattson,PIT,RP,RP269,,,,
1007,Braydon Fisher,TOR,RP,RP270,,,,
1008,Jackson Rutledge,WSH,RP,RP271,,,,
1009,Andrew Alvarez,WSH,SP,SP280,,,,
1010,José Fermin,LAA,2B,2B80,,,,
1011,Evan Sisk,PIT,RP,RP272,,,,
1012,Hunter Barco,PIT,SP,SP281,,,,
1013,Brandyn Garcia,SEA,RP,RP273,,,,
1014,Troy Melton,DET,RP,RP274,,,,
1015,Lance McCullers Jr.,HOU,SP,SP282,,,,
1016,Brandon Sproat,NYM,SP,SP283,,,,
1017,Hunter Dobbins,BOS,SP,SP284,,,,
1018,Kumar Rocker,TEX,SP,SP285,,,,
1019,José Urquidy,DET,SP,SP286,,,,
1020,JT Brubaker,SF,RP,RP275,,,,
1021,AJ Blubaugh,HOU,RP,RP276,,,,
1022,Kyle Hart,SD,SP/RP,SP287,,,,
1023,Ryan Gusto,MIA,SP/RP,SP288,,,,
1024,Ryan Bergert,SD,SP,SP289,,,,
1025,Bradgley Rodriguez,SD,RP,RP277,,,,
1026,Jason Alexander,OAK,SP,SP290,,,,
1027,Sawyer Gipson-Long,DET,SP,SP291,,,,
1028,Mason Barnett,OAK,SP,SP292,,,,
1029,Blade Tidwell,NYM,SP,SP293,,,,
1030,Jonathan Pintaro,NYM,SP,SP294,,,,
1031,Joe Rock,TB,SP/RP,SP295,,,,
1032,Brandon Young,BAL,SP,SP296,,,,
1033,Travis Adams,MIN,RP,RP278,,,,
1034,Wikelman González,CWS,RP,RP279,,,,
1035,Connor Norby,MIA,3B,3B47,,,,
1036,Brandon Eisert,CWS,RP,RP280,,,,
1037,Justin Bruihl,TOR,RP,RP281,,,,
1038,Carson Whisenhunt,SF,SP,SP297,,,,
1039,Doug Nikhazy,CLE,SP,SP298,,,,
1040,Yoendrys Gómez,CWS,SP/RP,SP299,,,,
1041,Lake Bachar,MIA,RP,RP282,,,,
1042,Mitch Farris,LAA,SP,SP300,,,,
1043,Gunnar Hoglund,OAK,SP,SP301,,,,
1044,Brent Headrick,NYY,RP,RP283,,,,
1045,Chase Petty,CIN,SP,SP302,,,,
1046,Thomas Harrington,PIT,SP,SP303,,,,
1047,Jaden Hill,COL,RP,RP284,,,,
1048,Colton Gordon,HOU,SP,SP304,,,,
1049,Casey Legumina,SEA,RP,RP285,,,,
1050,Jack Perkins,OAK,RP,RP286,,,,
1051,McCade Brown,COL,SP,SP305,,,,
1052,Zach Agnos,COL,RP,RP287,,,,
1053,Yaramil Hiraldo,BAL,RP,RP288,,,,
1054,Colin Selby,BAL,RP,RP289,,,,
1055,Wade Miley,CIN,SP,SP306,,,,
1056,Casey Lawrence,SEA,SP,SP307,,,,
1057,Craig Yoho,MIL,RP,RP290,,,,
1058,Caden Dana,LAA,SP,SP308,,,,
1059,Pierson Ohl,MIN,RP,RP291,,,,
1060,Andrew Hoffmann,ARI,RP,RP292,,,,
1061,Luinder Avila,KC,RP,RP293,,,,
1062,Paxton Schultz,TOR,RP,RP294,,,,
1063,Chase Silseth,LAA,RP,RP295,,,,
1064,Sam Aldegheri,LAA,SP,SP309,,,,
1065,Justin Hagenman,NYM,RP,RP296,,,,
1066,Chris Murphy,BOS,RP,RP297,,,,
1067,Steven Cruz,KC,RP,RP298,,,,
1068,Kai-Wei Teng,SF,SP,SP310,,,,
1069,Andre Granillo,STL,RP,RP299,,,,
1070,Carson Seymour,SF,RP,RP300,,,,
1071,Lazaro Estrada,TOR,SP/RP,SP311,,,,
1072,Hayden Harris,ATL,RP,RP301,,,,
1073,Zach Cole,HOU,OF,OF149,,,,
1074,Chase Lee,DET,RP,RP302,,,,
1075,Cristian Mena,ARI,SP,SP312,,,,
1076,Ryan Johnson,LAA,RP,RP303,,,,
1077,Grant Wolfram,BAL,RP,RP304,,,,
1078,Andrew Walters,CLE,RP,RP305,,,,
1079,Jesse Scholtens,TB,SP,SP313,,,,
1080,Reiver Sanmartin,CIN,RP,RP306,,,,
1081,Cole Wilcox,TB,RP,RP307,,,,
1082,Dauri Moreta,PIT,SP,SP314,,,,
1083,Dylan Dodd,ATL,RP,RP308,,,,
1084,Easton McGee,MIL,RP,RP309,,,,
1085,Yerry De los Santos,NYY,RP,RP310,,,,
1086,Jayden Murray,HOU,RP,RP311,,,,
1087,Luis Garcia,HOU,RP,RP312,,,,
1088,Luis Curvelo,TEX,RP,RP313,,,,
1089,Paul Gervase,TB,RP,RP314,,,,
1090,Alek Jacob,SD,SP,SP315,,,,
1091,Brian Van Belle,TB,SP/RP,SP316,,,,
1092,Carson Palmquist,COL,SP,SP317,,,,
1093,Cody Laweryson,MIN,RP,RP315,,,,
1094,Juan Morillo,ARI,RP,RP316,,,,
1095,Didier Fuentes,ATL,SP,SP318,,,,
1096,Dylan Smith,DET,RP,RP317,,,,
1097,Antonio Senzatela,COL,SP,SP319,,,,
1098,Jonathan Loáisiga,NYY,RP,RP318,,,,
1099,Konnor Pilkington,WSH,RP,RP319,,,,
1100,Philip Abner,ARI,RP,RP320,,,,
1101,Josh Simpson,MIA,RP,RP321,,,,
1102,Luis Mey,CIN,RP,RP322,,,,
1103,Max Lazar,PHI,RP,RP323,,,,
1104,Sam Bachman,LAA,RP,RP324,,,,
1105,Chase Shugart,PIT,RP,RP325,,,,
1106,AJ Smith-Shawver,ATL,SP,SP320,,,,
1107,Kyle Backhus,ARI,RP,RP326,,,,
1108,Juan Burgos,SEA,RP,RP327,,,,
1109,Marc Church,TEX,RP,RP328,,,,
1110,Gregory Santos,SEA,RP,RP329,,,,
1111,Garrett Acton,TB,RP,RP330,,,,
1112,Ryan Rolison,COL,RP,RP331,,,,
1113,Nolan Hoffman,PHI,RP,RP332,,,,
1114,Janson Junk,MIA,SP,SP321,,,,
1115,Robert Stock,BOS,SP,SP322,,,,
1116,Lou Trivino,SF,RP,RP333,,,,
1117,Joey Gerber,TB,SP/RP,SP323,,,,
1118,Jackson Kowar,SEA,RP,RP334,,,,
1119,Tyler Gilbert,CWS,SP/RP,SP324,,,,
1120,Michael Fulmer,BOS,RP,RP335,,,,
1121,Jackson Jobe,DET,SP,SP325,,,,
1122,Carson Ragsdale,BAL,SP,SP326,,,,
1123,Jhonathan Díaz,SEA,SP,SP327,,,,
1124,Brandon Walter,HOU,SP,SP328,,,,
1125,Joey Lucchesi,SF,SP,SP329,,,,
1126,Freddy Tarnok,MIA,SP,SP330,,,,
1127,Connor Seabold,TB,SP,SP331,,,,
1128,Nabil Crismatt,ARI,SP,SP332,,,,
1129,Shinnosuke Ogasawara,WSH,RP,RP336,,,,
1130,Jake Eder,LAA,SP,SP333,,,,
1131,Codi Heuer,TEX,RP,RP337,,,,
1132,Kendall Graveman,ARI,SP,SP334,,,,
1133,Gavin Hollowell,CHC,RP,RP338,,,,
1134,Randy Dobnak,MIN,SP/RP,SP335,,,,
1135,Ryan Borucki,PIT,RP,RP339,,,,
1136,Corbin Martin,BAL,RP,RP340,,,,
1137,José Castillo,SEA,SP,SP336,,,,
1138,Ian Anderson,LAA,SP,SP337,,,,
1139,Connor Gillispie,MIA,SP,SP338,,,,
1140,José De León,BOS,SP,SP339,,,,
1141,Michael Darrell-Hicks,PIT,RP,RP341,,,,
1142,Casey Kelly,ARI,SP,SP340,,,,
1143,Nic Enright,CLE,SP,SP341,,,,
1144,Andry Lara,WSH,RP,RP342,,,,
1145,Max Kranick,NYM,SP,SP342,,,,
1146,Chayce McDermott,BAL,SP/RP,SP343,,,,
1147,Forrest Whitley,TB,RP,RP343,,,,
1148,Ben Bowden,OAK,RP,RP344,,,,
1149,Josh Walker,TOR,RP,RP345,,,,
1150,Tom Cosgrove,CHC,RP,RP346,,,,
1151,Logan Gillaspie,SD,SP/RP,SP344,,,,
1152,Jesse Hahn,SEA,RP,RP347,,,,
1153,Rich Hill,KC,SP,SP345,,,,
1154,Noah Murdock,OAK,RP,RP348,,,,
1155,Luis Contreras,HOU,SP,SP346,,,,
1156,Caleb Freeman,CWS,SP,SP347,,,,
1157,Connor Brogdon,LAA,RP,RP349,,,,
1158,Easton Lucas,TOR,SP,SP348,,,,
1159,Isaiah Campbell,BOS,RP,RP350,,,,
1160,Heriberto Hernández,MIA,OF,OF150,,,,
1161,Ty Adcock,NYM,RP,RP351,,,,
1162,Colby Thomas,OAK,OF,OF151,,,,
1163,John Curtiss,ARI,RP,RP352,,,,
1164,Allan Winans,NYY,SP,SP349,,,,
1165,Orlando Ribalta,WSH,RP,RP353,,,,
1166,Seth Johnson,PHI,RP,RP354,,,,
1167,Jhostynxon Garcia,BOS,OF,OF152,,,,
1168,Ben Williamson,SEA,3B,3B48,,,,
1169,José Tena,WSH,3B,3B49,,,,
1170,Nathan Church,STL,OF,OF153,,,,
1171,Everson Pereira,TB,OF,OF154,,,,
1172,Drew Gilbert,SF,OF,OF155,,,,
1173,Gage Workman,CWS,3B/SS,3B50,,,,
1174,Bob Seymour,TB,1B,1B70,,,,
1175,James Outman,MIN,OF,OF156,,,,
1176,John Rave,KC,OF,OF157,,,,
1177,Tyler Tolbert,KC,OF,OF158,,,,
1178,Graham Pauley,MIA,3B,3B51,,,,
1179,Adrian Del Castillo,ARI,DH,DH11,,,,
1180,Jacob Melton,HOU,OF,OF159,,,,
1181,Tyler Locklear,ARI,1B,1B71,,,,
1182,Lyon Richardson,CIN,RP,RP355,,,,
1183,Luis Matos,SF,OF,OF160,,,,
1184,Cam Devanney,PIT,SS,SS32,,,,
1185,Carson McCusker,MIN,LF,LF8,,,,
1186,Carlos Cortes,OAK,OF,OF161,,,,
1187,Logan Davidson,OAK,1B,1B72,,,,
1188,Johnathan Rodríguez,CLE,OF,OF162,,,,
1189,Will Wilson,CLE,2B/3B,2B81,,,,
1190,Sergio Alcántara,SF,SS,SS33,,,,
1191,Tirso Ornelas,SD,OF,OF163,,,,
1192,Oscar Gonzalez,SD,LF,LF9,,,,
1193,Denzer Guzman,LAA,SS,SS34,,,,
1194,Nick Burdi,BOS,RP,RP356,,,,
1195,Andrew Saalfrank,ARI,RP,RP357,,,,
1196,Tyler Zuber,MIA,RP,RP358,,,,
1197,Esteury Ruiz,LAD,OF,OF164,,,,
1198,Bryce Teodosio,LAA,OF,OF165,,,,
1199,Jordyn Adams,BAL,OF,OF166,,,,
1200,Ryan Bliss,SEA,2B,2B82,,,,
1201,Samad Taylor,SEA,2B/OF,2B83,,,,
1202,Grant McCray,SF,OF,OF167,,,,
1203,Bryce Johnson,SD,OF,OF168,,,,
1204,Owen Miller,COL,2B,2B84,,,,
1205,Brett Harris,OAK,3B,3B52,,,,
1206,Michael Helman,TEX,OF,OF169,,,,
1207,Keston Hiura,COL,1B,1B73,,,,
1208,Trenton Brooks,SD,LF,LF10,,,,
1209,Zack Short,HOU,SS,SS35,,,,
1210,Daniel Johnson,SF,OF,OF170,,,,
1211,Jace Jung,DET,3B,3B53,,,,
1212,Joey Wiemer,MIA,OF,OF171,,,,
1213,Jacob Amaya,CWS,SS,SS36,,,,
1214,Justin Topa,MIN,RP,RP359,,,,
1215,Calvin Faucher,MIA,RP,RP360,,,,
1216,Robert Stephenson,LAA,RP,RP361,,,,
