 ,Player,Team,Elig. Pos.,"Pos.
Rank",ADP,,,
1,Shohei Ohtani,LAD,SP/DH,SP1,2.0,,,
2,Aaron Judge,NYY,OF,OF1,2.7,,,
3,Bobby Witt Jr.,KC,SS,SS1,4.5,,,
4,José Ramírez,CLE,3B,3B1,5.5,,,
5,Tarik Skubal,DET,SP,SP2,6.5,,,
6,Kyle Tucker,CHC,OF,OF2,7.8,,,
7,Juan Soto,NYM,OF,OF3,8.5,,,
8,Mookie Betts,LAD,SS,SS2,9.8,,,
9,Vladimir Guerrero Jr.,TOR,1B,1B1,12.2,,,
10,Manny Machado,SD,3B,3B2,13.2,,,
11,Paul Skenes,PIT,SP,SP3,15.4,,,
12,Francisco Lindor,NYM,SS,SS3,15.5,,,
13,Matt Olson,ATL,1B,1B2,15.7,,,
14,Freddie Freeman,LAD,1B,1B3,16.3,,,
15,Fernando Tatis Jr.,SD,OF,OF4,16.9,,,
16,Corbin Carroll,ARI,OF,OF5,17.4,,,
17,Zack Wheeler,PHI,SP,SP4,18.2,,,
18,Garrett Crochet,BOS,SP,SP5,20.5,,,
19,William Contreras,MIL,C,C1,21.7,,,
20,Pete Alonso,NYM,1B,1B4,24.6,,,
21,Ronald Acuña Jr.,ATL,OF,OF6,25.5,,,
22,Ketel Marte,ARI,2B,2B1,25.9,,,
23,Yordan Alvarez,HOU,OF,OF7,30.3,,,
24,Mason Miller,OAK,RP,RP1,31.0,,,
25,Cole Ragans,KC,SP,SP6,32.9,,,
26,Kyle Schwarber,PHI,DH,DH1,33.5,,,
27,Elly De La Cruz,CIN,SS,SS4,33.6,,,
28,Cal Raleigh,SEA,C,C2,34.0,,,
29,Dylan Cease,SD,SP,SP7,34.5,,,
30,Jackson Merrill,SD,OF,OF8,34.8,,,
31,Teoscar Hernández,LAD,OF,OF9,35.8,,,
32,Bryce Harper,PHI,1B,1B5,35.9,,,
33,Adley Rutschman,BAL,C,C3,36.3,,,
34,Gunnar Henderson,BAL,SS,SS5,36.7,,,
35,Trea Turner,PHI,SS,SS6,37.0,,,
36,Logan Gilbert,SEA,SP,SP8,41.1,,,
37,Jackson Chourio,MIL,OF,OF10,42.1,,,
38,Corey Seager,TEX,SS,SS7,43.1,,,
39,Jose Altuve,HOU,2B/OF,2B2,45.2,,,
40,Julio Rodríguez,SEA,OF,OF11,45.4,,,
41,Jarren Duran,BOS,OF,OF12,45.8,,,
42,Ozzie Albies,ATL,2B,2B3,46.4,,,
43,Framber Valdez,HOU,SP,SP9,48.6,,,
44,Chris Sale,ATL,SP,SP10,50.7,,,
45,Yainer Diaz,HOU,C,C4,52.8,,,
46,Logan Webb,SF,SP,SP11,58.3,,,
47,Devin Williams,NYY,RP,RP2,61.0,,,
48,Emmanuel Clase,CLE,RP,RP3,61.1,,,
49,Yoshinobu Yamamoto,LAD,SP,SP12,63.2,,,
50,Josh Naylor,SEA,1B,1B6,63.6,,,
51,Max Fried,NYY,SP,SP13,63.9,,,
52,Austin Riley,ATL,3B,3B3,64.4,,,
53,Michael Harris II,ATL,OF,OF13,66.0,,,
54,Brent Rooker,OAK,OF,OF14,67.6,,,
55,Anthony Santander,TOR,OF,OF15,69.3,,,
56,Alex Bregman,BOS,3B,3B4,69.6,,,
57,Corbin Burnes,ARI,SP,SP14,73.1,,,
58,Josh Hader,HOU,RP,RP4,73.4,,,
59,Ian Happ,CHC,OF,OF16,75.9,,,
60,Will Smith,LAD,C,C5,76.3,,,
61,Aaron Nola,PHI,SP,SP15,78.5,,,
62,Marcell Ozuna,ATL,DH,DH2,78.7,,,
63,Joe Ryan,MIN,SP,SP16,79.0,,,
64,Luis Castillo,SEA,SP,SP17,81.3,,,
65,Michael King,SD,SP,SP18,82.2,,,
66,Edwin Díaz,NYM,RP,RP5,86.6,,,
67,Christian Walker,HOU,1B,1B7,89.0,,,
68,Rafael Devers,SF,1B,1B8,90.0,,,
69,Lawrence Butler,OAK,OF,OF17,90.1,,,
70,Ryan Walker,SF,RP,RP6,90.4,,,
71,Sonny Gray,STL,SP,SP19,91.8,,,
72,Jazz Chisholm Jr.,NYY,2B/3B,2B4,92.2,,,
73,Nick Castellanos,PHI,OF,OF18,94.4,,,
74,Marcus Semien,TEX,2B,2B5,95.8,,,
75,Ryan Helsley,STL,RP,RP7,96.7,,,
76,Raisel Iglesias,ATL,RP,RP8,98.4,,,
77,Steven Kwan,CLE,OF,OF19,100.9,,,
78,Luis Arraez,SD,1B,1B9,102.1,,,
79,Bryce Miller,SEA,SP,SP20,109.7,,,
80,Jhoan Duran,MIN,RP,RP9,117.9,,,
81,Freddy Peralta,MIL,SP,SP21,119.0,,,
82,Spencer Strider,ATL,SP,SP22,119.1,,,
83,Cristopher Sánchez,PHI,SP,SP23,119.9,,,
84,Shota Imanaga,CHC,SP,SP24,120.0,,,
85,Oneil Cruz,PIT,OF,OF20,120.2,,,
86,Hunter Greene,CIN,SP,SP25,120.3,,,
87,Cody Bellinger,NYY,OF,OF21,121.4,,,
88,Hunter Brown,HOU,SP,SP26,123.6,,,
89,Shea Langeliers,OAK,C,C6,124.7,,,
90,Brenton Doyle,COL,OF,OF22,125.2,,,
91,Gleyber Torres,DET,2B,2B6,125.3,,,
92,Bailey Ober,MIN,SP,SP27,126.6,,,
93,Tanner Bibee,CLE,SP,SP28,128.4,,,
94,Eugenio Suárez,SEA,3B,3B5,132.9,,,
95,Nolan Arenado,STL,3B,3B6,132.9,,,
96,Pablo López,MIN,SP,SP29,134.1,,,
97,Salvador Perez,KC,C/1B,C7,136.5,,,
98,Taylor Ward,LAA,OF,OF23,137.9,,,
99,Andrés Muñoz,SEA,RP,RP10,138.5,,,
100,Willson Contreras,STL,1B,1B10,138.9,,,
101,Félix Bautista,BAL,RP,RP11,140.1,,,
102,Wyatt Langford,TEX,OF,OF24,141.4,,,
103,Isaac Paredes,HOU,3B,3B7,143.1,,,
104,Kevin Gausman,TOR,SP,SP30,145.9,,,
105,Zac Gallen,ARI,SP,SP31,146.0,,,
106,Aroldis Chapman,BOS,RP,RP12,146.4,,,
107,Brendan Donovan,STL,2B,2B7,147.2,,,
108,Matt McLain,CIN,2B,2B8,147.3,,,
109,Jack Flaherty,DET,SP,SP32,149.0,,,
110,Adolis García,TEX,OF,OF25,149.1,,,
111,Robert Suarez,SD,RP,RP13,149.9,,,
112,Willy Adames,SF,SS,SS8,150.6,,,
113,Jacob deGrom,TEX,SP,SP33,150.9,,,
114,Paul Goldschmidt,NYY,1B,1B11,153.6,,,
115,Spencer Schwellenbach,ATL,SP,SP34,153.6,,,
116,James Wood,WSH,OF,OF26,153.6,,,
117,Bryan Woo,SEA,SP,SP35,153.7,,,
118,Hunter Goodman,COL,C,C8,153.9,,,
119,Nick Pivetta,SD,SP,SP36,155.6,,,
120,Kerry Carpenter,DET,OF,OF27,155.9,,,
121,Jeremy Peña,HOU,SS,SS9,156.8,,,
122,Blake Snell,LAD,SP,SP37,157.1,,,
123,Kodai Senga,NYM,SP,SP38,159.5,,,
124,Tanner Scott,LAD,RP,RP14,161.5,,,
125,Jordan Westburg,BAL,3B,3B8,162.0,,,
126,Bryan Reynolds,PIT,OF,OF28,162.3,,,
127,Alec Bohm,PHI,3B,3B9,162.4,,,
128,Vinnie Pasquantino,KC,1B,1B12,164.6,,,
129,Logan O'Hoppe,LAA,C,C9,165.3,,,
130,MacKenzie Gore,WSH,SP,SP39,165.3,,,
131,Randy Arozarena,SEA,OF,OF29,166.3,,,
132,Dansby Swanson,CHC,SS,SS10,168.7,,,
133,Riley Greene,DET,OF,OF30,169.3,,,
134,Nico Hoerner,CHC,2B,2B9,169.9,,,
135,Tommy Edman,LAD,2B/OF,2B10,170.5,,,
136,Seiya Suzuki,CHC,OF,OF31,171.7,,,
137,Jake Burger,TEX,1B,1B13,172.7,,,
138,Brandon Pfaadt,ARI,SP,SP40,172.9,,,
139,Chris Bassitt,TOR,SP,SP41,174.1,,,
140,CJ Abrams,WSH,SS,SS11,174.8,,,
141,George Kirby,SEA,SP,SP42,177.4,,,
142,Carlos Rodón,NYY,SP,SP43,178.5,,,
143,José Alvarado,PHI,RP,RP15,179.6,,,
144,Ezequiel Tovar,COL,SS,SS12,179.8,,,
145,Pete Crow-Armstrong,CHC,OF,OF32,180.2,,,
146,Mitch Keller,PIT,SP,SP44,181.0,,,
147,José Berríos,TOR,SP,SP45,181.5,,,
148,Matt Chapman,SF,3B,3B10,184.7,,,
149,Zach Neto,LAA,SS,SS13,184.8,,,
150,Xander Bogaerts,SD,SS,SS14,184.9,,,
151,Christian Yelich,MIL,DH,DH3,184.9,,,
152,Yandy Díaz,TB,1B,1B14,186.6,,,
153,Tanner Houck,BOS,SP,SP46,187.0,,,
154,Kris Bubic,KC,SP,SP47,187.7,,,
155,Anthony Volpe,NYY,SS,SS15,189.6,,,
156,Ben Brown,CHC,SP/RP,SP48,190.6,,,
157,Tyler Stephenson,CIN,C,C10,190.9,,,
158,Nathan Eovaldi,TEX,SP,SP49,191.3,,,
159,Lourdes Gurriel Jr.,ARI,OF,OF33,192.1,,,
160,Yusei Kikuchi,LAA,SP,SP50,193.0,,,
161,Bryson Stott,PHI,2B,2B11,194.2,,,
162,Griffin Jax,TB,RP,RP16,195.0,,,
163,Spencer Steer,CIN,1B,1B15,195.2,,,
164,Justin Martinez,ARI,RP,RP17,195.3,,,
165,Jeff Hoffman,TOR,RP,RP18,196.2,,,
166,George Springer,TOR,OF,OF34,199.3,,,
167,Maikel Garcia,KC,3B,3B11,200.3,,,
168,Kristian Campbell,BOS,2B,2B12,201.6,,,
169,Shane Baz,TB,SP,SP51,202.4,,,
170,Ronel Blanco,HOU,SP,SP52,202.8,,,
171,Daulton Varsho,TOR,OF,OF35,203.2,,,
172,Triston Casas,BOS,1B,1B16,203.8,,,
173,Junior Caminero,TB,3B,3B12,205.2,,,
174,Jonathan India,KC,2B/3B/OF,2B13,205.6,,,
175,Royce Lewis,MIN,3B,3B13,208.2,,,
176,Mike Trout,LAA,OF,OF36,210.2,,,
177,Seth Lugo,KC,SP,SP53,210.9,,,
178,Keibert Ruiz,WSH,C,C11,212.0,,,
179,Mark Vientos,NYM,3B,3B14,212.1,,,
180,Tyler Glasnow,LAD,SP,SP54,215.7,,,
181,JJ Bleday,OAK,OF,OF37,216.6,,,
182,Alec Burleson,STL,1B/OF,1B17,218.6,,,
183,Bo Bichette,TOR,SS,SS16,221.6,,,
184,Francisco Alvarez,NYM,C,C12,224.2,,,
185,Brandon Nimmo,NYM,OF,OF38,224.6,,,
186,Andrew Vaughn,CWS,1B,1B18,227.3,,,
187,Tyler Soderstrom,OAK,1B/OF,1B19,227.4,,,
188,Brice Turang,MIL,2B,2B14,229.3,,,
189,Nick Kurtz,OAK,1B,1B20,230.2,,,
190,Brady Singer,CIN,SP,SP55,231.7,,,
191,Geraldo Perdomo,ARI,SS,SS17,232.5,,,
192,Brandon Woodruff,MIL,SP,SP56,233.5,,,
193,Andrés Giménez,TOR,2B,2B15,235.0,,,
194,Willi Castro,MIN,2B/3B/OF,2B16,235.4,,,
195,Roki Sasaki,LAD,SP,SP57,236.5,,,
196,Trevor Megill,MIL,RP,RP19,238.8,,,
197,Ben Rice,NYY,C/1B,C13,239.8,,,
198,Jesús Luzardo,PHI,SP,SP58,240.1,,,
199,Bryan Abreu,HOU,RP,RP20,241.8,,,
200,Luis García Jr.,WSH,2B,2B17,243.4,,,
201,J.T. Realmuto,PHI,C,C14,243.6,,,
202,Matthew Boyd,CHC,SP,SP59,243.7,,,
203,Jung Hoo Lee,SF,OF,OF39,245.0,,,
204,Sean Murphy,ATL,C,C15,246.3,,,
205,Luke Weaver,NYY,RP,RP21,246.8,,,
206,Robbie Ray,SF,SP,SP60,247.6,,,
207,Carlos Correa,MIN,3B/SS,3B15,248.1,,,
208,Bowden Francis,TOR,SP,SP61,249.3,,,
209,Kyle Finnegan,DET,RP,RP22,249.5,,,
210,Jacob Misiorowski,MIL,SP,SP62,249.8,,,
211,Ceddanne Rafaela,BOS,2B/OF,2B18,249.9,,,
212,Byron Buxton,MIN,OF,OF40,250.3,,,
213,Trevor Rogers,BAL,SP,SP63,250.3,,,
214,Ranger Suárez,PHI,SP,SP64,250.4,,,
215,Alejandro Kirk,TOR,C,C16,250.5,,,
216,Kenley Jansen,LAA,RP,RP23,251.0,,,
217,Andrew Abbott,CIN,SP,SP65,251.3,,,
218,Jackson Holliday,BAL,2B,2B19,251.5,,,
219,Michael Busch,CHC,1B,1B21,251.6,,,
220,Giancarlo Stanton,NYY,OF,OF41,251.6,,,
221,Merrill Kelly,TEX,SP,SP66,251.6,,,
222,Spencer Torkelson,DET,1B,1B22,252.0,,,
223,Taj Bradley,TB,SP,SP67,252.5,,,
224,Enrique Hernández,LAD,1B/3B/OF,1B23,252.7,,,
225,Jurickson Profar,ATL,OF,OF42,252.8,,,
226,Austin Wells,NYY,C,C17,252.8,,,
227,Trevor Story,BOS,SS,SS18,252.9,,,
228,Jason Adam,SD,RP,RP24,253.0,,,
229,Xavier Edwards,MIA,2B/SS,2B20,253.3,,,
230,Roman Anthony,BOS,OF,OF43,253.3,,,
231,Luis Robert Jr.,CWS,OF,OF44,253.5,,,
232,Colt Keith,DET,2B/3B,2B21,254.3,,,
233,Josh Lowe,TB,OF,OF45,254.4,,,
234,Sandy Alcantara,MIA,SP,SP68,254.4,,,
235,Hurston Waldrep,ATL,SP,SP69,254.6,,,
236,Jasson Domínguez,NYY,OF,OF46,254.7,,,
237,Pete Fairbanks,TB,RP,RP25,254.8,,,
238,Luis Rengifo,LAA,2B/3B,2B22,254.9,,,
239,Justin Steele,CHC,SP,SP70,255.2,,,
240,Yu Darvish,SD,SP,SP71,255.3,,,
241,Lars Nootbaar,STL,OF,OF47,255.3,,,
242,Max Scherzer,TOR,SP,SP72,255.3,,,
243,Nathaniel Lowe,BOS,1B,1B24,255.4,,,
244,Clayton Kershaw,LAD,SP,SP73,255.4,,,
245,Jacob Wilson,OAK,SS,SS19,255.4,,,
246,Cedric Mullins,BAL,OF,OF48,255.5,,,
247,Carlos Estévez,KC,RP,RP26,255.6,,,
248,Clay Holmes,NYM,SP,SP74,255.7,,,
249,Christopher Morel,TB,OF,OF49,255.8,,,
250,Michael Wacha,KC,SP,SP75,255.8,,,
251,David Bednar,PIT,RP,RP27,255.8,,,
252,Colton Cowser,BAL,OF,OF50,255.9,,,
253,Drake Baldwin,ATL,C,C18,256.0,,,
254,Max Muncy,OAK,3B,3B16,256.0,,,
255,Shane Bieber,TOR,SP,SP76,256.2,,,
256,Jake Bauers,MIL,1B/OF,1B25,256.3,,,
257,Ryan Pepiot,TB,SP,SP77,256.4,,,
258,Sal Frelick,MIL,OF,OF51,256.4,,,
259,Brayan Bello,BOS,SP,SP78,256.4,,,
260,Nolan McLean,NYM,SP,SP79,256.4,,,
261,Sean Manaea,NYM,SP,SP80,256.6,,,
262,Heliot Ramos,SF,OF,OF52,256.6,,,
263,Joey Ortiz,MIL,SS,SS20,256.6,,,
264,Ryan O'Hearn,SD,1B/OF,1B26,256.6,,,
265,Drew Rasmussen,TB,SP,SP81,256.6,,,
266,Agustín Ramírez,MIA,C,C19,256.6,,,
267,Tyler Mahle,TEX,SP,SP82,256.6,,,
268,Ernie Clement,TOR,2B/3B/SS,2B23,256.7,,,
269,Jacob Lopez,OAK,SP,SP83,256.8,,,
270,Masyn Winn,STL,SS,SS21,256.9,,,
271,Dylan Crews,WSH,OF,OF53,256.9,,,
272,Gavin Williams,CLE,SP,SP84,257.1,,,
273,Abner Uribe,MIL,RP,RP28,257.1,,,
274,Ryan Pressly,CHC,SP,SP85,257.2,,,
275,Camilo Doval,SF,RP,RP29,257.2,,,
276,Cade Smith,CLE,RP,RP30,257.3,,,
277,Jeff McNeil,NYM,2B/OF,2B24,257.3,,,
278,Charlie Morton,ATL,SP,SP86,257.3,,,
279,Tyler O'Neill,BAL,OF,OF54,257.4,,,
280,Casey Mize,DET,SP,SP87,257.4,,,
281,Rhys Hoskins,MIL,1B,1B27,257.5,,,
282,Clarke Schmidt,NYY,SP,SP88,257.5,,,
283,J.P. Crawford,SEA,SS,SS22,257.5,,,
284,Carson Kelly,CHC,C,C20,257.5,,,
285,Kirby Yates,LAD,RP,RP31,257.6,,,
286,Nick Lodolo,CIN,SP,SP89,257.6,,,
287,Cade Horton,CHC,SP,SP90,257.6,,,
288,Ryan Mountcastle,BAL,1B,1B28,257.7,,,
289,Gavin Lux,CIN,OF,OF55,257.7,,,
290,Freddy Fermin,SD,C,C21,257.7,,,
291,Caleb Durbin,MIL,3B,3B17,257.7,,,
292,Matt Shaw,CHC,3B,3B18,257.7,,,
293,Lucas Erceg,KC,RP,RP32,257.8,,,
294,Nick Martinez,CIN,SP/RP,SP91,257.8,,,
295,Brandon Lowe,TB,2B,2B25,257.8,,,
296,Jose Quintana,MIL,SP,SP92,257.9,,,
297,Mauricio Dubón,HOU,2B/3B/SS/OF,2B26,257.9,,,
298,Ramón Laureano,SD,OF,OF56,257.9,,,
299,Zach McKinstry,DET,3B/SS/OF,3B19,257.9,,,
300,José Caballero,TB,2B/3B/SS/OF,2B27,258.0,,,
301,Wilyer Abreu,BOS,OF,OF57,258.0,,,
302,Iván Herrera,STL,DH,DH4,258.0,,,
303,Javier Báez,DET,3B/SS/OF,3B20,258.0,,,
304,Kyle Manzardo,CLE,1B,1B29,258.0,,,
305,Matt Strahm,PHI,RP,RP33,258.1,,,
306,Spencer Horwitz,PIT,1B,1B30,258.1,,,
307,Hayden Birdsong,SF,SP/RP,SP93,258.1,,,
308,Austin Hays,CIN,OF,OF58,258.1,,,
309,Carlos Santana,CHC,1B,1B31,258.2,,,
310,Nestor Cortes,SD,SP,SP94,258.2,,,
311,Zach Eflin,BAL,SP,SP95,258.2,,,
312,Carlos Narváez,BOS,C,C22,258.2,,,
313,Jake Cronenworth,SD,2B,2B28,258.3,,,
314,Jorge Soler,LAA,OF,OF59,258.3,,,
315,Dylan Moore,SEA,2B/SS/OF,2B29,258.3,,,
316,TJ Friedl,CIN,OF,OF60,258.3,,,
317,Quinn Priester,MIL,SP,SP96,258.3,,,
318,Dustin May,BOS,SP,SP97,258.3,,,
319,Ryan Jeffers,MIN,C,C23,258.4,,,
320,Ke'Bryan Hayes,PIT,3B,3B21,258.4,,,
321,Noelvi Marte,CIN,3B/OF,3B22,258.4,,,
322,Addison Barger,TOR,3B/OF,3B23,258.4,,,
323,Brett Baty,NYM,2B/3B,2B30,258.4,,,
324,Tyler Rogers,SF,RP,RP34,258.5,,,
325,David Peterson,NYM,SP,SP98,258.5,,,
326,Grant Holmes,ATL,SP,SP99,258.5,,,
327,Erick Fedde,STL,SP/RP,SP100,258.6,,,
328,Isiah Kiner-Falefa,PIT,3B/SS,3B24,258.6,,,
329,Will Vest,DET,RP,RP35,258.6,,,
330,Justin Verlander,SF,SP,SP101,258.6,,,
331,Chandler Simpson,TB,OF,OF61,258.6,,,
332,Cole Young,SEA,2B,2B31,258.6,,,
333,Ryan McMahon,NYY,3B,3B25,258.7,,,
334,Jeremiah Estrada,SD,RP,RP36,258.7,,,
335,Porter Hodge,CHC,RP,RP37,258.7,,,
336,Andy Pages,LAD,OF,OF62,258.7,,,
337,Matthew Liberatore,STL,SP,SP102,258.7,,,
338,Gregory Soto,BAL,RP,RP38,258.7,,,
339,Bo Naylor,CLE,C,C24,258.7,,,
340,Thairo Estrada,COL,2B,2B32,258.7,,,
341,Edmundo Sosa,PHI,2B/3B,2B33,258.7,,,
342,Chase Burns,CIN,SP,SP103,258.7,,,
343,Josh Jung,TEX,3B,3B26,258.7,,,
344,Isaac Collins,MIL,OF,OF63,258.7,,,
345,Nick Allen,ATL,SS,SS23,258.7,,,
346,Jonah Heim,TEX,C,C25,258.8,,,
347,Miles Mikolas,STL,SP,SP104,258.8,,,
348,Randy Rodríguez,SF,RP,RP39,258.8,,,
349,Bubba Chandler,PIT,SP,SP105,258.8,,,
350,Eric Lauer,TOR,SP/RP,SP106,258.8,,,
351,Blake Treinen,LAD,RP,RP40,258.9,,,
352,Nolan Gorman,STL,2B/3B,2B34,258.9,,,
353,Trent Grisham,NYY,OF,OF64,258.9,,,
354,Shane Smith,CWS,SP,SP107,258.9,,,
355,Cam Smith,HOU,OF,OF65,258.9,,,
356,Jameson Taillon,CHC,SP,SP108,259.0,,,
357,Tyler Holton,DET,SP/RP,SP109,259.0,,,
358,Harrison Bader,MIN,OF,OF66,259.0,,,
359,Jorge Polanco,SEA,2B,2B35,259.0,,,
360,Emilio Pagán,CIN,RP,RP41,259.0,,,
361,Miguel Andujar,OAK,3B/OF,3B27,259.0,,,
362,Luke Keaschall,MIN,2B,2B36,259.0,,,
363,Dillon Dingler,DET,C,C26,259.0,,,
364,Orlando Arcia,ATL,2B/3B/SS,2B37,259.1,,,
365,Spencer Arrighetti,HOU,SP,SP110,259.1,,,
366,Travis d'Arnaud,LAA,C,C27,259.1,,,
367,Kyle Stowers,MIA,OF,OF67,259.1,,,
368,Jakob Marsee,MIA,OF,OF68,259.1,,,
369,Evan Carter,TEX,OF,OF69,259.1,,,
370,Hyeseong Kim,LAD,2B,2B38,259.1,,,
371,Joel Payamps,ATL,RP,RP42,259.2,,,
372,Brandon Marsh,PHI,OF,OF70,259.2,,,
373,Justin Turner,CHC,1B,1B32,259.2,,,
374,Orion Kerkering,PHI,RP,RP43,259.2,,,
375,Davis Schneider,TOR,2B/OF,2B39,259.2,,,
376,Elias Díaz,SD,C,C28,259.2,,,
377,Luke Jackson,SEA,SP,SP111,259.2,,,
378,Daniel Palencia,CHC,RP,RP44,259.2,,,
379,Lucas Giolito,BOS,SP,SP112,259.2,,,
380,Samuel Basallo,BAL,C,C29,259.2,,,
381,Victor Scott II,STL,OF,OF71,259.2,,,
382,Jordan Walker,STL,OF,OF72,259.2,,,
383,Jacob Young,WSH,OF,OF73,259.3,,,
384,Josh Bell,WSH,1B,1B33,259.3,,,
385,Andrew McCutchen,PIT,RF,RF1,259.3,,,
386,Tobias Myers,MIL,SP/RP,SP113,259.3,,,
387,Luis Severino,OAK,SP,SP114,259.3,,,
388,Mike Yastrzemski,SF,OF,OF74,259.3,,,
389,Mark Leiter Jr.,NYY,RP,RP45,259.3,,,
390,Dylan Lee,ATL,RP,RP46,259.3,,,
391,Nick Gonzales,PIT,2B,2B40,259.3,,,
392,Aaron Ashby,MIL,RP,RP47,259.3,,,
393,Romy Gonzalez,BOS,1B/2B,1B34,259.3,,,
394,Miguel Vargas,CWS,1B/3B,1B35,259.3,,,
395,Matt Brash,SEA,RP,RP48,259.3,,,
396,JoJo Romero,STL,RP,RP49,259.4,,,
397,Alexis Díaz,ATL,RP,RP50,259.4,,,
398,Alex Vesia,LAD,RP,RP51,259.4,,,
399,Jake Irvin,WSH,SP,SP115,259.4,,,
400,JP Sears,OAK,SP,SP116,259.4,,,
401,Pierce Johnson,ATL,RP,RP52,259.4,,,
402,Colin Rea,CHC,SP,SP117,259.4,,,
403,Chris Paddack,MIN,SP,SP118,259.4,,,
404,Lenyn Sosa,CWS,1B/2B,1B36,259.4,,,
405,Joey Wentz,PIT,SP/RP,SP119,259.4,,,
406,Jose Iglesias,SD,2B,2B41,259.4,,,
407,Christian Vázquez,MIN,C,C30,259.4,,,
408,Brad Keller,CHC,RP,RP53,259.4,,,
409,Louis Varland,TOR,RP,RP54,259.4,,,
410,Jose Trevino,CIN,C,C31,259.4,,,
411,Jac Caglianone,KC,OF,OF75,259.4,,,
412,Christian Moore,LAA,2B,2B42,259.4,,,
413,Connor Norby,MIA,3B,3B28,259.4,,,
414,Luis Gil,NYY,SP,SP120,259.5,,,
415,Chad Green,TOR,RP,RP55,259.5,,,
416,Ty France,TOR,1B,1B37,259.5,,,
417,Dean Kremer,BAL,SP,SP121,259.5,,,
418,Andre Pallante,STL,SP,SP122,259.5,,,
419,Masataka Yoshida,BOS,DH,DH5,259.5,,,
420,Jared Triolo,PIT,1B/3B/SS,1B38,259.5,,,
421,David Fry,CLE,DH,DH6,259.5,,,
422,Mitch Garver,SEA,C,C32,259.5,,,
423,Will Benson,CIN,OF,OF76,259.5,,,
424,Santiago Espinal,CIN,3B,3B29,259.5,,,
425,Caleb Thielbar,CHC,RP,RP56,259.5,,,
426,Brent Suter,CIN,RP,RP57,259.5,,,
427,Joey Bart,PIT,C,C33,259.5,,,
428,Jeffrey Springs,OAK,SP,SP123,259.5,,,
429,Kyle Higashioka,TEX,C,C34,259.5,,,
430,Garrett Whitlock,BOS,RP,RP58,259.5,,,
431,Vidal Bruján,ATL,3B,3B30,259.5,,,
432,Garrett Mitchell,MIL,OF,OF77,259.5,,,
433,Will Warren,NYY,SP,SP124,259.5,,,
434,Jack Leiter,TEX,SP,SP125,259.5,,,
435,Kyle Farmer,COL,2B,2B43,259.5,,,
436,Colson Montgomery,CWS,SS,SS24,259.5,,,
437,Tomoyuki Sugano,BAL,SP,SP126,259.5,,,
438,Luisangel Acuña,NYM,2B,2B44,259.5,,,
439,Myles Straw,TOR,OF,OF78,259.5,,,
440,Hunter Gaddis,CLE,RP,RP59,259.6,,,
441,Andrew Kittredge,BAL,RP,RP60,259.6,,,
442,Jesús Sánchez,MIA,OF,OF79,259.6,,,
443,Jesse Winker,NYM,LF,LF1,259.6,,,
444,Nolan Schanuel,LAA,1B,1B39,259.6,,,
445,Zack Gelof,OAK,2B,2B45,259.6,,,
446,Michael Conforto,LAD,LF,LF2,259.6,,,
447,Connor Wong,BOS,C,C35,259.6,,,
448,Luis Ortiz,CLE,SP,SP127,259.6,,,
449,Jo Adell,LAA,OF,OF80,259.6,,,
450,Reese Olson,DET,SP,SP128,259.6,,,
451,Zack Littell,TB,SP,SP129,259.6,,,
452,Tommy Pham,PIT,LF,LF3,259.6,,,
453,Tyler Anderson,LAA,SP,SP130,259.6,,,
454,Dennis Santana,PIT,RP,RP61,259.6,,,
455,Gavin Sheets,SD,OF,OF81,259.6,,,
456,Ryan Fernandez,STL,RP,RP62,259.6,,,
457,Starling Marte,NYM,LF,LF4,259.6,,,
458,Edward Cabrera,MIA,SP,SP131,259.6,,,
459,Gabriel Moreno,ARI,C,C36,259.6,,,
460,Kyle Nicolas,PIT,RP,RP63,259.6,,,
461,Carmen Mlodzinski,PIT,SP/RP,SP132,259.6,,,
462,Brendon Little,TOR,RP,RP64,259.6,,,
463,Jacob Latz,TEX,SP/RP,SP133,259.6,,,
464,Amed Rosario,NYY,2B/3B,2B46,259.6,,,
465,Aaron Bummer,ATL,RP,RP65,259.6,,,
466,Jake Rogers,DET,C,C37,259.6,,,
467,Taijuan Walker,PHI,SP/RP,SP134,259.6,,,
468,Danny Jansen,TB,C,C38,259.6,,,
469,Victor Caratini,HOU,C,C39,259.6,,,
470,Cristian Javier,HOU,SP,SP135,259.6,,,
471,Walker Buehler,PHI,SP,SP136,259.6,,,
472,Eury Pérez,MIA,SP,SP137,259.6,,,
473,Noah Cameron,KC,SP,SP138,259.6,,,
474,Ben Casparius,LAD,RP,RP66,259.6,,,
475,Chase Dollander,COL,SP,SP139,259.6,,,
476,Sean Newcomb,OAK,SP/RP,SP140,259.6,,,
477,Thomas Saggese,STL,2B/SS,2B47,259.6,,,
478,Dalton Rushing,LAD,C,C40,259.6,,,
479,Ronny Mauricio,NYM,3B,3B31,259.6,,,
480,David Robertson,PHI,SP,SP141,259.7,,,
481,Josh Smith,TEX,1B/3B/SS,1B40,259.7,,,
482,Leody Taveras,SEA,OF,OF82,259.7,,,
483,Fernando Cruz,NYY,RP,RP67,259.7,,,
484,Luke Raley,SEA,1B/OF,1B41,259.7,,,
485,Colin Holderman,PIT,RP,RP68,259.7,,,
486,Scott Barlow,CIN,RP,RP69,259.7,,,
487,Sean Hjelle,SF,SP,SP142,259.7,,,
488,Andrew Chafin,LAA,RP,RP70,259.7,,,
489,Adrian Morejon,SD,RP,RP71,259.7,,,
490,Wenceel Pérez,DET,OF,OF83,259.7,,,
491,Mickey Moniak,COL,OF,OF84,259.7,,,
492,Taylor Rogers,CHC,RP,RP72,259.7,,,
493,Jordan Hicks,SF,SP/RP,SP143,259.7,,,
494,John King,STL,RP,RP73,259.7,,,
495,Kyle Freeland,COL,SP,SP144,259.7,,,
496,Tyler Freeman,COL,OF,OF85,259.7,,,
497,Jakob Junis,CLE,RP,RP74,259.7,,,
498,Kyle Hendricks,LAA,SP,SP145,259.7,,,
499,Miguel Amaya,CHC,C,C41,259.7,,,
500,Sean Guenther,DET,RP,RP75,259.7,,,
501,Parker Meadows,DET,OF,OF86,259.7,,,
502,Luis Campusano,SD,DH,DH7,259.7,,,
503,Jacob Stallings,BAL,C,C42,259.7,,,
504,Eduard Bazardo,SEA,RP,RP76,259.7,,,
505,Brock Stewart,MIN,RP,RP77,259.7,,,
506,Gary Sánchez,BAL,C,C43,259.7,,,
507,Matt Festa,CLE,RP,RP78,259.7,,,
508,Adam Frazier,PIT,2B/OF,2B48,259.7,,,
509,Bryce Elder,ATL,SP,SP146,259.7,,,
510,Tanner Gordon,COL,SP,SP147,259.7,,,
511,Jorge Mateo,BAL,SS/OF,SS25,259.7,,,
512,Cam Schlittler,NYY,SP,SP148,259.7,,,
513,Mike Burrows,PIT,SP,SP149,259.7,,,
514,Ryan Bergert,SD,SP,SP150,259.7,,,
515,Chase Petty,CIN,SP,SP151,259.7,,,
516,Owen Caissie,CHC,OF,OF87,259.7,,,
517,Brooks Lee,MIN,2B/3B/SS,2B49,259.7,,,
518,Kai-Wei Teng,SF,SP,SP152,259.7,,,
519,Dylan Dodd,ATL,RP,RP79,259.7,,,
520,Edgardo Henriquez,LAD,RP,RP80,259.7,,,
521,Omar Cruz,SD,SP/RP,SP153,259.7,,,
522,Brandon Waddell,NYM,SP,SP154,259.7,,,
523,Gabriel Arias,CLE,2B/SS,2B50,259.7,,,
524,Otto Kemp,PHI,1B/3B,1B42,259.7,,,
525,Liam Hicks,MIA,C/1B,C44,259.7,,,
526,Luis Torrens,NYM,C,C45,259.7,,,
527,Johnathan Rodríguez,CLE,OF,OF88,259.7,,,
528,Sergio Alcántara,SF,SS,SS26,259.7,,,
529,Brett Harris,OAK,3B,3B32,259.7,,,
530,Yennier Cano,BAL,RP,RP81,259.8,,,
531,Lane Thomas,CLE,OF,OF89,259.8,,,
532,Jake Meyers,HOU,OF,OF90,259.8,,,
533,Tyler Kinley,ATL,RP,RP82,259.8,,,
534,Jorge Alcala,STL,RP,RP83,259.8,,,
535,Blake Perkins,MIL,OF,OF91,259.8,,,
536,Aaron Civale,CWS,SP,SP155,259.8,,,
537,Jacob Webb,TEX,RP,RP84,259.8,,,
538,Matt Waldron,SD,SP,SP156,259.8,,,
539,Brayan Rocchio,CLE,2B/SS,2B51,259.8,,,
540,Yariel Rodríguez,TOR,RP,RP85,259.8,,,
541,Angel Zerpa,KC,RP,RP86,259.8,,,
542,Tyler Fitzgerald,SF,2B,2B52,259.8,,,
543,Shelby Miller,MIL,RP,RP87,259.8,,,
544,Sam Moll,CIN,RP,RP88,259.8,,,
545,Ben Joyce,LAA,RP,RP89,259.8,,,
546,Dane Dunning,TEX,RP,RP90,259.8,,,
547,Miguel Rojas,LAD,2B/3B/SS,2B53,259.8,,,
548,Kyle Leahy,STL,RP,RP91,259.8,,,
549,Tony Santillan,CIN,RP,RP92,259.8,,,
550,Ryan Brasier,CHC,RP,RP93,259.8,,,
551,Abraham Toro,BOS,1B,1B43,259.8,,,
552,Gabe Speier,SEA,RP,RP94,259.8,,,
553,Daysbel Hernández,ATL,RP,RP95,259.8,,,
554,Jake Bird,NYY,RP,RP96,259.8,,,
555,Tommy Nance,TOR,RP,RP97,259.8,,,
556,Emerson Hancock,SEA,SP,SP157,259.8,,,
557,Justin Wrobleski,LAD,RP,RP98,259.8,,,
558,Tyler Phillips,MIA,RP,RP99,259.8,,,
559,Joey Loperfido,TOR,OF,OF92,259.8,,,
560,Chris Taylor,LAA,OF,OF93,259.8,,,
561,Pedro Pagés,STL,C,C46,259.8,,,
562,Daniel Schneemann,CLE,2B/3B/OF,2B54,259.8,,,
563,Garrett Hampson,STL,OF,OF94,259.8,,,
564,Daylen Lile,WSH,OF,OF95,259.8,,,
565,Drew Pomeranz,CHC,RP,RP100,259.8,,,
566,Mason Montgomery,TB,RP,RP101,259.8,,,
567,Luis Morales,OAK,SP,SP158,259.8,,,
568,Carlos Vargas,SEA,RP,RP102,259.8,,,
569,Isaac Mattson,PIT,RP,RP103,259.8,,,
570,Jack Dreyer,LAD,SP/RP,SP159,259.8,,,
571,José Fermin,LAA,2B,2B55,259.8,,,
572,CJ Kayfus,CLE,1B/OF,1B44,259.8,,,
573,Paxton Schultz,TOR,RP,RP104,259.8,,,
574,Luis Garcia,HOU,RP,RP105,259.8,,,
575,Alek Jacob,SD,SP,SP160,259.8,,,
576,Luis Guerrero,BOS,SP,SP161,259.8,,,
577,Marcelo Mayer,BOS,3B,3B33,259.8,,,
578,Matt Krook,OAK,SP,SP162,259.8,,,
579,Dominic Canzone,SEA,OF,OF96,259.8,,,
580,Nathan Lukes,TOR,OF,OF97,259.8,,,
581,Alex Freeland,LAD,2B/3B,2B56,259.8,,,
582,Angel Martínez,CLE,2B/OF,2B57,259.8,,,
583,Henry Davis,PIT,C,C47,259.8,,,
584,Javier Sanoja,MIA,2B/3B/OF/RP,2B58,259.8,,,
585,Dane Myers,MIA,OF,OF98,259.8,,,
586,Yohel Pozo,STL,C,C48,259.8,,,
587,Carlos Cortes,OAK,OF,OF99,259.8,,,
588,Nick Loftin,KC,OF,OF100,259.8,,,
589,Andrew Saalfrank,ARI,RP,RP106,259.8,,,
590,Matt Vierling,DET,OF,OF101,259.9,,,
591,Joc Pederson,TEX,DH,DH8,259.9,,,
592,Craig Kimbrel,ATL,RP,RP107,259.9,,,
593,A.J. Puk,ARI,RP,RP108,259.9,,,
594,José Soriano,LAA,SP,SP163,259.9,,,
595,Reed Garrett,NYM,RP,RP109,259.9,,,
596,Jeimer Candelario,CIN,1B/3B,1B45,259.9,,,
597,Andrew Heaney,PIT,SP,SP164,259.9,,,
598,Calvin Faucher,MIA,RP,RP110,259.9,,,
599,Trevor Larnach,MIN,OF,OF102,259.9,,,
600,Robert Garcia,TEX,RP,RP111,259.9,,,
601,Trent Thornton,SEA,RP,RP112,259.9,,,
602,Frankie Montas,NYM,SP,SP165,259.9,,,
603,Griffin Canning,NYM,SP,SP166,259.9,,,
604,Jake Fraley,ATL,OF,OF103,259.9,,,
605,Enyel De Los Santos,ATL,RP,RP113,259.9,,,
606,Martín Pérez,CWS,SP,SP167,259.9,,,
607,Tayler Saucedo,SEA,RP,RP114,259.9,,,
608,Shawn Armstrong,TEX,RP,RP115,259.9,,,
609,Rafael Montero,ATL,RP,RP116,259.9,,,
610,Randal Grichuk,ARI,RF,RF2,259.9,,,
611,Tim Hill,NYY,RP,RP117,259.9,,,
612,Jacob Barnes,TOR,SP,SP168,259.9,,,
613,Donovan Solano,SEA,1B,1B46,259.9,,,
614,Michael McGreevy,STL,SP,SP169,259.9,,,
615,Joey Cantillo,CLE,SP/RP,SP170,259.9,,,
616,Davis Martin,CWS,SP,SP171,259.9,,,
617,Justin Lawrence,PIT,RP,RP118,259.9,,,
618,Cade Povich,BAL,SP,SP172,259.9,,,
619,Matt Wallner,MIN,OF,OF104,259.9,,,
620,Max Meyer,MIA,SP,SP173,259.9,,,
621,Adrian Houser,TB,SP,SP174,259.9,,,
622,Andy Ibáñez,DET,3B,3B34,259.9,,,
623,Wilmer Flores,SF,RP,RP119,259.9,,,
624,Leo Jiménez,TOR,2B,2B59,259.9,,,
625,Emmet Sheehan,LAD,SP,SP175,259.9,,,
626,Braxton Ashcraft,PIT,SP/RP,SP176,259.9,,,
627,Justin Sterner,OAK,RP,RP120,259.9,,,
628,Seth Halvorsen,COL,RP,RP121,259.9,,,
629,Jordan Romano,PHI,RP,RP122,259.9,,,
630,Carson Williams,TB,SS,SS27,259.9,,,
631,Kumar Rocker,TEX,SP,SP177,259.9,,,
632,Jonathan Aranda,TB,1B,1B47,259.9,,,
633,Jason Alexander,OAK,SP,SP178,259.9,,,
634,Edgar Quero,CWS,C,C49,259.9,,,
635,Cristian Mena,ARI,SP,SP179,259.9,,,
636,Yerry De los Santos,NYY,RP,RP123,259.9,,,
637,Jonathan Loáisiga,NYY,RP,RP124,259.9,,,
638,Jackson Jobe,DET,SP,SP180,259.9,,,
639,Ben Williamson,SEA,3B,3B35,259.9,,,
640,Casey Schmitt,SF,2B/3B,2B60,259.9,,,
641,Griffin Conine,MIA,OF,OF105,259.9,,,
642,John Rave,KC,OF,OF106,259.9,,,
643,Tyler Tolbert,KC,OF,OF107,259.9,,,
644,Will Wilson,CLE,2B/3B,2B61,259.9,,,
645,Tirso Ornelas,SD,OF,OF108,259.9,,,
646,Luis Urías,OAK,2B,2B62,259.9,,,
647,Jake McCarthy,ARI,OF,OF109,260.0,,,
648,Reynaldo López,ATL,SP,SP181,260.0,,,
649,Bryan De La Cruz,ATL,OF,OF110,260.0,,,
650,Alex Verdugo,ATL,LF,LF5,260.0,,,
651,Brendan Rodgers,HOU,2B,2B63,260.0,,,
652,Hunter Harvey,KC,RP,RP125,260.0,,,
653,Kevin Ginkel,ARI,RP,RP126,260.0,,,
654,Ha-Seong Kim,TB,SS,SS28,260.0,,,
655,Michael Toglia,COL,1B,1B48,260.0,,,
656,Andrew Benintendi,CWS,OF,OF111,260.0,,,
657,John Schreiber,KC,RP,RP127,260.0,,,
658,Héctor Neris,ATL,RP,RP128,260.0,,,
659,Ryne Stanek,NYM,RP,RP129,260.0,,,
660,Paul DeJong,WSH,3B,3B36,260.0,,,
661,Ben Lively,CLE,SP,SP182,260.0,,,
662,Tim Herrin,CLE,RP,RP130,260.0,,,
663,Kevin Kelly,TB,RP,RP131,260.0,,,
664,Cionel Pérez,BAL,SP,SP183,260.0,,,
665,Bryan Hudson,CWS,RP,RP132,260.0,,,
666,Michael Lorenzen,KC,SP,SP184,260.0,,,
667,Ryan Yarbrough,NYY,SP/RP,SP185,260.0,,,
668,T.J. McFarland,OAK,SP,SP186,260.0,,,
669,Seranthony Domínguez,TOR,RP,RP133,260.0,,,
670,Ryan Weathers,MIA,SP,SP187,260.0,,,
671,Joe Mantiply,ARI,SP,SP188,260.0,,,
672,Adam Ottavino,NYY,SP,SP189,260.0,,,
673,José Leclerc,OAK,SP,SP190,260.0,,,
674,Max Schuemann,OAK,2B/3B/SS,2B64,260.0,,,
675,Erik Miller,SF,RP,RP134,260.0,,,
676,Albert Suárez,BAL,RP,RP135,260.0,,,
677,Jose Siri,NYM,OF,OF112,260.0,,,
678,Jarred Kelenic,ATL,OF,OF113,260.0,,,
679,Kyle Isbel,KC,OF,OF114,260.0,,,
680,Hunter Strickland,LAA,RP,RP136,260.0,,,
681,Jose Miranda,MIN,3B,3B37,260.0,,,
682,Anthony Bender,MIA,RP,RP137,260.0,,,
683,Mark Canha,KC,OF,OF115,260.0,,,
684,Josh Rojas,CWS,2B/3B,2B65,260.0,,,
685,Yimi García,TOR,RP,RP138,260.0,,,
686,Tyler Ferguson,OAK,RP,RP139,260.0,,,
687,Jalen Beeks,ARI,SP,SP191,260.0,,,
688,Jorge López,WSH,SP,SP192,260.0,,,
689,Colin Poche,WSH,SP,SP193,260.0,,,
690,Kyle Gibson,BAL,SP,SP194,260.0,,,
691,Ryan Feltner,COL,SP,SP195,260.0,,,
692,Lucas Sims,WSH,RP,RP140,260.0,,,
693,MJ Melendez,KC,OF,OF116,260.0,,,
694,Edwin Uceta,TB,RP,RP141,260.0,,,
695,John Brebbia,ATL,RP,RP142,260.0,,,
696,Gio Urshela,OAK,3B,3B38,260.0,,,
697,Mitch Spence,OAK,SP/RP,SP196,260.0,,,
698,Tayler Scott,ARI,RP,RP143,260.0,,,
699,Génesis Cabrera,PIT,SP,SP197,260.0,,,
700,Jared Koenig,MIL,RP,RP144,260.0,,,
701,José Buttó,SF,RP,RP145,260.0,,,
702,Brennan Bernardino,BOS,RP,RP146,260.0,,,
703,Nick Mears,MIL,RP,RP147,260.0,,,
704,Nate Pearson,CHC,RP,RP148,260.0,,,
705,Joey Estes,OAK,SP,SP198,260.0,,,
706,Paul Sewald,CLE,RP,RP149,260.0,,,
707,Javier Assad,CHC,SP,SP199,260.0,,,
708,Hunter Renfroe,KC,RF,RF3,260.0,,,
709,Tanner Banks,PHI,RP,RP150,260.0,,,
710,Bailey Falter,PIT,SP,SP200,260.0,,,
711,Victor Vodnik,COL,RP,RP151,260.0,,,
712,José Ureña,TOR,SP,SP201,260.0,,,
713,Yuki Matsui,SD,RP,RP152,260.0,,,
714,Jonathan Cannon,CWS,SP,SP202,260.0,,,
715,Rowdy Tellez,SEA,1B,1B49,260.0,,,
716,Anthony Banda,LAD,RP,RP153,260.0,,,
717,Tyler Alexander,CWS,SP/RP,SP203,260.0,,,
718,Austin Gomber,COL,SP,SP204,260.0,,,
719,Jon Gray,TEX,SP,SP205,260.0,,,
720,Nick Sandlin,TOR,RP,RP154,260.0,,,
721,Elvis Peguero,CWS,SP,SP206,260.0,,,
722,Caleb Ferguson,PIT,RP,RP155,260.0,,,
723,Cooper Criswell,BOS,SP/RP,SP207,260.0,,,
724,Carson Fulmer,LAA,SP,SP208,260.0,,,
725,LaMonte Wade Jr.,SF,1B/OF,1B50,260.0,,,
726,Manuel Rodríguez,TB,RP,RP156,260.0,,,
727,Jon Singleton,HOU,1B,1B51,260.0,,,
728,Justin Wilson,BOS,SP,SP209,260.0,,,
729,Danny Coulombe,TEX,SP,SP210,260.0,,,
730,Kenta Maeda,DET,SP,SP211,260.0,,,
731,Connor Joe,SD,OF,OF117,260.0,,,
732,Beau Brieske,DET,RP,RP157,260.0,,,
733,Marcus Stroman,NYY,SP,SP212,260.0,,,
734,Trevor Richards,ARI,RP,RP158,260.0,,,
735,Dedniel Núñez,NYM,RP,RP159,260.0,,,
736,Zach Pop,SEA,SP,SP213,260.0,,,
737,Keider Montero,DET,SP/RP,SP214,260.0,,,
738,Zack Kelly,BOS,RP,RP160,260.0,,,
739,Carlos Carrasco,ATL,SP,SP215,260.0,,,
740,Jesus Tinoco,MIA,RP,RP161,260.0,,,
741,Johan Rojas,PHI,OF,OF118,260.0,,,
742,Collin Snider,SEA,SP,SP216,260.0,,,
743,Chris Flexen,CHC,RP,RP162,260.0,,,
744,Greg Weissert,BOS,RP,RP163,260.0,,,
745,Reid Detmers,LAA,RP,RP164,260.0,,,
746,Hoby Milner,TEX,RP,RP165,260.0,,,
747,Victor Robles,SEA,OF,OF119,260.0,,,
748,Ian Hamilton,NYY,RP,RP166,260.0,,,
749,David Hamilton,BOS,2B,2B66,260.0,,,
750,Seth Brown,OAK,OF,OF120,260.0,,,
751,Michael Massey,KC,2B,2B67,260.0,,,
752,Sam Long,KC,SP,SP217,260.0,,,
753,Cal Quantrill,ATL,SP,SP218,260.0,,,
754,Carson Spiers,CIN,SP,SP219,260.0,,,
755,Scott Alexander,SF,SP,SP220,260.0,,,
756,Tyrone Taylor,NYM,OF,OF121,260.0,,,
757,Nicky Lopez,LAA,3B,3B39,260.0,,,
758,Huascar Brazobán,NYM,RP,RP167,260.0,,,
759,Korey Lee,CWS,C,C50,260.0,,,
760,Mike Tauchman,CWS,OF,OF122,260.0,,,
761,Wandy Peralta,SD,RP,RP168,260.0,,,
762,Osvaldo Bido,OAK,SP/RP,SP221,260.0,,,
763,Cam Booser,CWS,RP,RP169,260.0,,,
764,Patrick Corbin,TEX,SP,SP222,260.0,,,
765,Bryan Hoeing,SD,RP,RP170,260.0,,,
766,Chris Stratton,KC,SP,SP223,260.0,,,
767,Randy Vásquez,SD,SP,SP224,260.0,,,
768,Eli Morgan,CHC,RP,RP171,260.0,,,
769,Josh Winckowski,BOS,SP,SP225,260.0,,,
770,Michel Otañez,OAK,RP,RP172,260.0,,,
771,Spencer Turnbull,TOR,SP,SP226,260.0,,,
772,Erik Swanson,TOR,SP,SP227,260.0,,,
773,Landon Knack,LAD,SP,SP228,260.0,,,
774,Brant Hurter,DET,RP,RP173,260.0,,,
775,Brenan Hanifee,DET,RP,RP174,260.0,,,
776,Hunter Stratton,PIT,RP,RP175,260.0,,,
777,Logan Allen,CLE,SP,SP229,260.0,,,
778,Danny Young,NYM,RP,RP176,260.0,,,
779,Oswaldo Cabrera,NYY,3B,3B40,260.0,,,
780,Richie Palacios,TB,2B/OF,2B68,260.0,,,
781,Seth Martinez,MIA,RP,RP177,260.0,,,
782,Kevin Pillar,TEX,CF,CF1,260.0,,,
783,Jonny DeLuca,TB,OF,OF123,260.0,,,
784,Will Brennan,CLE,OF,OF124,260.0,,,
785,Spencer Bivens,SF,RP,RP178,260.0,,,
786,Tylor Megill,NYM,SP,SP230,260.0,,,
787,Roddery Muñoz,STL,RP,RP179,260.0,,,
788,Steven Okert,HOU,RP,RP180,260.0,,,
789,Kyle Bradish,BAL,SP,SP231,260.0,,,
790,Daniel Lynch IV,KC,RP,RP181,260.0,,,
791,Michael Soroka,CHC,SP,SP232,260.0,,,
792,Angel Chivilli,COL,RP,RP182,260.0,,,
793,Jesse Chavez,ATL,SP,SP233,260.0,,,
794,Jordan Leasure,CWS,RP,RP183,260.0,,,
795,Michael Siani,STL,OF,OF125,260.0,,,
796,Rob Refsnyder,BOS,OF,OF126,260.0,,,
797,Steven Wilson,CWS,RP,RP184,260.0,,,
798,Kevin Newman,LAA,3B,3B41,260.0,,,
799,Bryce Jarvis,ARI,RP,RP185,260.0,,,
800,Manuel Margot,DET,OF,OF127,260.0,,,
801,Ramón Urías,BAL,2B/3B,2B69,260.0,,,
802,Richard Lovelady,TOR,RP,RP186,260.0,,,
803,Kaleb Ort,HOU,RP,RP187,260.0,,,
804,Michael Kelly,OAK,RP,RP188,260.0,,,
805,José Ruiz,PHI,SP,SP234,260.0,,,
806,Roansy Contreras,BAL,SP/RP,SP235,260.0,,,
807,Ryan Burr,TOR,SP,SP236,260.0,,,
808,Joe Ross,PHI,RP,RP189,260.0,,,
809,Tim Mayza,PIT,SP,SP237,260.0,,,
810,Troy Taylor,SEA,RP,RP190,260.0,,,
811,Jared Shuster,CWS,RP,RP191,260.0,,,
812,Yohan Ramírez,PIT,RP,RP192,260.0,,,
813,Shawn Dubin,BAL,RP,RP193,260.0,,,
814,Hogan Harris,OAK,RP,RP194,260.0,,,
815,Luke Little,CHC,RP,RP195,260.0,,,
816,Dillon Tate,TOR,SP,SP238,260.0,,,
817,Paul Blackburn,NYY,RP,RP196,260.0,,,
818,Ryan Zeferjahn,LAA,RP,RP197,260.0,,,
819,Xzavion Curry,MIA,SP,SP239,260.0,,,
820,José Quijada,LAA,SP,SP240,260.0,,,
821,Fraser Ellard,CWS,RP,RP198,260.0,,,
822,Bryan King,HOU,RP,RP199,260.0,,,
823,Robert Gasser,MIL,SP,SP241,260.0,,,
824,Bryan Baker,TB,RP,RP200,260.0,,,
825,Matt Bowman,BAL,RP,RP201,260.0,,,
826,Nick Anderson,COL,RP,RP202,260.0,,,
827,Kody Funderburk,MIN,RP,RP203,260.0,,,
828,Sean Burke,CWS,SP,SP242,260.0,,,
829,Carlos Hernández,PHI,RP,RP204,260.0,,,
830,Dominic Smith,SF,1B,1B52,260.0,,,
831,Chris Roycroft,STL,RP,RP205,260.0,,,
832,Hunter Bigge,TB,RP,RP206,260.0,,,
833,Jonah Bride,MIN,3B,3B42,260.0,,,
834,Ben Rortvedt,TB,C,C51,260.0,,,
835,Valente Bellozo,MIA,SP/RP,SP243,260.0,,,
836,Eddie Rosario,ATL,OF,OF128,260.0,,,
837,Ron Marinaccio,SD,RP,RP207,260.0,,,
838,Stephen Kolek,SD,SP,SP244,260.0,,,
839,Eduardo Salazar,WSH,SP,SP245,260.0,,,
840,Cole Sulser,TB,RP,RP208,260.0,,,
841,Cody Poteet,BAL,SP,SP246,260.0,,,
842,Scott Blewett,MIN,RP,RP209,260.0,,,
843,Erasmo Ramírez,MIN,SP,SP247,260.0,,,
844,Tristan Beck,SF,RP,RP210,260.0,,,
845,Grant Holman,OAK,RP,RP211,260.0,,,
846,Jordan Weems,HOU,SP,SP248,260.0,,,
847,Jack Kochanowicz,LAA,SP,SP249,260.0,,,
848,Ronny Henriquez,MIA,RP,RP212,260.0,,,
849,DL Hall,MIL,RP,RP213,260.0,,,
850,Brock Burke,LAA,RP,RP214,260.0,,,
851,Emmanuel Rivera,BAL,3B,3B43,260.0,,,
852,J.T. Ginn,OAK,SP,SP250,260.0,,,
853,Richard Fitts,BOS,SP,SP251,260.0,,,
854,José Suarez,ATL,SP/RP,SP252,260.0,,,
855,Brady Basso,OAK,RP,RP215,260.0,,,
856,Nick Fortes,TB,C,C52,260.0,,,
857,Ethan Roberts,CHC,RP,RP216,260.0,,,
858,George Soriano,MIA,RP,RP217,260.0,,,
859,Yosver Zulueta,CIN,RP,RP218,260.0,,,
860,Joe Boyle,TB,SP,SP253,260.0,,,
861,Eduardo Rodriguez,ARI,SP,SP254,260.0,,,
862,Joe La Sorsa,CIN,SP,SP255,260.0,,,
863,Tanner Rainey,PIT,RP,RP219,260.0,,,
864,Darren McCaughan,MIN,SP/RP,SP256,260.0,,,
865,Edouard Julien,MIN,1B/2B,1B53,260.0,,,
866,Michael A. Taylor,CWS,RF,RF4,260.0,,,
867,Steven Matz,STL,RP,RP220,260.0,,,
868,Alex Lange,DET,RP,RP221,260.0,,,
869,Yilber Díaz,ARI,SP/RP,SP257,260.0,,,
870,Cody Bolton,CLE,RP,RP222,260.0,,,
871,Anthony Maldonado,OAK,RP,RP223,260.0,,,
872,Nolan Jones,CLE,OF,OF129,260.0,,,
873,Ildemaro Vargas,ARI,1B/2B,1B54,260.0,,,
874,Mason Englert,TB,RP,RP224,260.0,,,
875,Jason Heyward,SD,LF,LF6,260.0,,,
876,Kolby Allard,CLE,RP,RP225,260.0,,,
877,Slade Cecconi,CLE,SP,SP258,260.0,,,
878,Gerson Garabito,TEX,SP,SP259,260.0,,,
879,Keaton Winn,SF,RP,RP226,260.0,,,
880,Davis Daniel,ATL,SP,SP260,260.0,,,
881,Cole Winn,TEX,RP,RP227,260.0,,,
882,Bailey Horn,DET,RP,RP228,260.0,,,
883,Grant Anderson,MIL,RP,RP229,260.0,,,
884,Triston McKenzie,CLE,SP/RP,SP261,260.0,,,
885,Michael Petersen,ATL,RP,RP230,260.0,,,
886,Julian Merryweather,CHC,RP,RP231,260.0,,,
887,Tyler Wells,BAL,SP,SP262,260.0,,,
888,Austin Martin,MIN,OF,OF130,260.0,,,
889,Graham Ashcraft,CIN,RP,RP232,260.0,,,
890,Jack Suwinski,PIT,OF,OF131,260.0,,,
891,Jordan Wicks,CHC,RP,RP233,260.0,,,
892,Noah Davis,MIN,SP,SP263,260.0,,,
893,Chas McCormick,HOU,OF,OF132,260.0,,,
894,Sammy Peralta,LAA,SP/RP,SP264,260.0,,,
895,Stuart Fairchild,ATL,OF,OF133,260.0,,,
896,Chris Devenski,NYM,RP,RP234,260.0,,,
897,Anthony Molina,COL,SP,SP265,260.0,,,
898,Zebby Matthews,MIN,SP,SP266,260.0,,,
899,Mike Clevinger,CWS,RP,RP235,260.0,,,
900,Scott McGough,OAK,SP,SP267,260.0,,,
901,J.P. France,HOU,SP,SP268,260.0,,,
902,Brett Wisely,SF,2B,2B70,260.0,,,
903,Mason Black,SF,SP,SP269,260.0,,,
904,Matt Sauer,LAD,SP,SP270,260.0,,,
905,James McCann,ARI,C,C53,260.0,,,
906,Jake Woodford,ARI,RP,RP236,260.0,,,
907,Bradley Blalock,COL,SP,SP271,260.0,,,
908,Shaun Anderson,LAA,SP,SP272,260.0,,,
909,Touki Toussaint,LAA,RP,RP237,260.0,,,
910,Ezequiel Duran,TEX,1B/SS,1B55,260.0,,,
911,Tommy Henry,ARI,SP,SP273,260.0,,,
912,Taylor Walls,TB,SS,SS29,260.0,,,
913,Adam Mazur,MIA,SP,SP274,260.0,,,
914,Dylan Carlson,BAL,OF,OF134,260.0,,,
915,Enmanuel Valdez,PIT,1B,1B56,260.0,,,
916,Bobby Miller,LAD,SP/RP,SP275,260.0,,,
917,Cavan Biggio,KC,OF,OF135,260.0,,,
918,Austin Slater,CWS,OF,OF136,260.0,,,
919,Trey Lipscomb,WSH,2B/3B/OF,2B71,260.0,,,
920,DJ LeMahieu,NYY,2B,2B72,260.0,,,
921,Justyn-Henry Malloy,DET,OF,OF137,260.0,,,
922,Nick Ahmed,TEX,SS,SS30,260.0,,,
923,Travis Jankowski,TB,RF,RF5,260.0,,,
924,Dominic Fletcher,CWS,OF,OF138,260.0,,,
925,Tim Anderson,LAA,SS,SS31,260.0,,,
926,Trey Yesavage,TOR,SP,SP276,260.0,,,
927,Robert Stephenson,LAA,RP,RP238,260.0,,,
928,Matt Svanson,STL,RP,RP239,260.0,,,
929,Cole Henry,WSH,RP,RP240,260.0,,,
930,Sal Stewart,CIN,1B/3B,1B57,260.0,,,
931,Chase Meidroth,CWS,2B/SS,2B73,260.0,,,
932,Juan Mejia,COL,RP,RP241,260.0,,,
933,Chad Patrick,MIL,SP,SP277,260.0,,,
934,Clayton Beeter,NYY,RP,RP242,260.0,,,
935,Joel Peguero,SF,RP,RP243,260.0,,,
936,Drey Jameson,ARI,RP,RP244,260.0,,,
937,Cade Cavalli,WSH,SP,SP278,260.0,,,
938,David Morgan,SD,RP,RP245,260.0,,,
939,Julian Fernández,LAD,RP,RP246,260.0,,,
940,Parker Messick,CLE,SP,SP279,260.0,,,
941,Kade Strowd,BAL,RP,RP247,260.0,,,
942,Dietrich Enns,BAL,RP,RP248,260.0,,,
943,Elvis Alvarado,OAK,RP,RP249,260.0,,,
944,Brady House,WSH,3B,3B44,260.0,,,
945,Riley O'Brien,STL,RP,RP250,260.0,,,
946,Kyle Teel,CWS,C,C54,260.0,,,
947,Grant Taylor,CWS,RP,RP251,260.0,,,
948,Jimmy Herget,COL,RP,RP252,260.0,,,
949,Cade Gibson,MIA,RP,RP253,260.0,,,
950,Logan Henderson,MIL,SP,SP280,260.0,,,
951,Brad Lord,WSH,SP/RP,SP281,260.0,,,
952,Justin Topa,MIN,RP,RP254,260.0,,,
953,Jovani Morán,BOS,SP/RP,SP282,260.0,,,
954,Trevor McDonald,SF,SP,SP283,260.0,,,
955,Erik Sabrowski,CLE,RP,RP255,260.0,,,
956,Rico Garcia,NYY,RP,RP256,260.0,,,
957,Taylor Clarke,KC,RP,RP257,260.0,,,
958,Brooks Raley,NYM,RP,RP258,260.0,,,
959,Dylan Beavers,BAL,OF,OF139,260.0,,,
960,Connelly Early,BOS,SP,SP284,260.0,,,
961,Matt Gage,SF,RP,RP259,260.0,,,
962,Jonah Tong,NYM,SP,SP285,260.0,,,
963,Braydon Fisher,TOR,RP,RP260,260.0,,,
964,Johan Oviedo,PIT,SP,SP286,260.0,,,
965,Connor Phillips,CIN,RP,RP261,260.0,,,
966,Ian Seymour,TB,SP/RP,SP287,260.0,,,
967,Gordon Graceffo,STL,RP,RP262,260.0,,,
968,Jordan Beck,COL,OF,OF140,260.0,,,
969,Jackson Rutledge,WSH,RP,RP263,260.0,,,
970,Andrew Alvarez,WSH,SP,SP288,260.0,,,
971,Carter Jensen,KC,C,C55,260.0,,,
972,Mick Abel,MIN,SP,SP289,260.0,,,
973,Evan Sisk,PIT,RP,RP264,260.0,,,
974,Hunter Barco,PIT,SP,SP290,260.0,,,
975,Brandyn Garcia,SEA,RP,RP265,260.0,,,
976,Troy Melton,DET,RP,RP266,260.0,,,
977,Lance McCullers Jr.,HOU,SP,SP291,260.0,,,
978,Brandon Sproat,NYM,SP,SP292,260.0,,,
979,Eduarniel Núñez,OAK,SP,SP293,260.0,,,
980,Payton Tolle,BOS,SP,SP294,260.0,,,
981,Hunter Dobbins,BOS,SP,SP295,260.0,,,
982,Bennett Sousa,HOU,RP,RP267,260.0,,,
983,José Urquidy,DET,SP,SP296,260.0,,,
984,Mike Vasil,CWS,RP,RP268,260.0,,,
985,JT Brubaker,SF,RP,RP269,260.0,,,
986,AJ Blubaugh,HOU,RP,RP270,260.0,,,
987,Ryan Gusto,MIA,SP/RP,SP297,260.0,,,
988,Bradgley Rodriguez,SD,RP,RP271,260.0,,,
989,Sawyer Gipson-Long,DET,SP,SP298,260.0,,,
990,Mason Barnett,OAK,SP,SP299,260.0,,,
991,Blade Tidwell,NYM,SP,SP300,260.0,,,
992,Jonathan Pintaro,NYM,SP,SP301,260.0,,,
993,Joe Rock,TB,SP/RP,SP302,260.0,,,
994,Brandon Young,BAL,SP,SP303,260.0,,,
995,Travis Adams,MIN,RP,RP272,260.0,,,
996,Wikelman González,CWS,RP,RP273,260.0,,,
997,Brandon Eisert,CWS,RP,RP274,260.0,,,
998,Justin Bruihl,TOR,RP,RP275,260.0,,,
999,Alan Rangel,PHI,SP,SP304,260.0,,,
1000,Carson Whisenhunt,SF,SP,SP305,260.0,,,
1001,Logan Evans,SEA,SP,SP306,260.0,,,
1002,Bryce Eldridge,SF,DH,DH9,260.0,,,
1003,Doug Nikhazy,CLE,SP,SP307,260.0,,,
1004,Yoendrys Gómez,CWS,SP/RP,SP308,260.0,,,
1005,Lake Bachar,MIA,RP,RP276,260.0,,,
1006,Mitch Farris,LAA,SP,SP309,260.0,,,
1007,Gunnar Hoglund,OAK,SP,SP310,260.0,,,
1008,Brent Headrick,NYY,RP,RP277,260.0,,,
1009,Thomas Harrington,PIT,SP,SP311,260.0,,,
1010,Jaden Hill,COL,RP,RP278,260.0,,,
1011,Colton Gordon,HOU,SP,SP312,260.0,,,
1012,Casey Legumina,SEA,RP,RP279,260.0,,,
1013,Jack Perkins,OAK,RP,RP280,260.0,,,
1014,Carlos Rodriguez,MIL,SP,SP313,260.0,,,
1015,Mason Fluharty,TOR,RP,RP281,260.0,,,
1016,McCade Brown,COL,SP,SP314,260.0,,,
1017,Zach Agnos,COL,RP,RP282,260.0,,,
1018,Yaramil Hiraldo,BAL,RP,RP283,260.0,,,
1019,Colin Selby,BAL,RP,RP284,260.0,,,
1020,Germán Márquez,COL,SP,SP315,260.0,,,
1021,Moisés Ballesteros,CHC,DH,DH10,260.0,,,
1022,Rob Zastryzny,MIL,RP,RP285,260.0,,,
1023,Wade Miley,CIN,SP,SP316,260.0,,,
1024,Casey Lawrence,SEA,SP,SP317,260.0,,,
1025,Austin Warren,NYM,RP,RP286,260.0,,,
1026,Craig Yoho,MIL,RP,RP287,260.0,,,
1027,Caden Dana,LAA,SP,SP318,260.0,,,
1028,Jonathan Bowlan,KC,RP,RP288,260.0,,,
1029,Pierson Ohl,MIN,RP,RP289,260.0,,,
1030,Andrew Hoffmann,ARI,RP,RP290,260.0,,,
1031,Luinder Avila,KC,RP,RP291,260.0,,,
1032,Chase Silseth,LAA,RP,RP292,260.0,,,
1033,Sam Aldegheri,LAA,SP,SP319,260.0,,,
1034,Justin Hagenman,NYM,RP,RP293,260.0,,,
1035,Chris Murphy,BOS,RP,RP294,260.0,,,
1036,Steven Cruz,KC,RP,RP295,260.0,,,
1037,Andre Granillo,STL,RP,RP296,260.0,,,
1038,Carson Seymour,SF,RP,RP297,260.0,,,
1039,Lazaro Estrada,TOR,SP/RP,SP320,260.0,,,
1040,Hayden Harris,ATL,RP,RP298,260.0,,,
1041,Zach Cole,HOU,OF,OF141,260.0,,,
1042,Chase Lee,DET,RP,RP299,260.0,,,
1043,Ryan Johnson,LAA,RP,RP300,260.0,,,
1044,Grant Wolfram,BAL,RP,RP301,260.0,,,
1045,Chase DeLauter,CLE,OF,OF142,260.0,,,
1046,Andrew Walters,CLE,RP,RP302,260.0,,,
1047,Jesse Scholtens,TB,SP,SP321,260.0,,,
1048,Reiver Sanmartin,CIN,RP,RP303,260.0,,,
1049,Cole Wilcox,TB,RP,RP304,260.0,,,
1050,Dauri Moreta,PIT,SP,SP322,260.0,,,
1051,Easton McGee,MIL,RP,RP305,260.0,,,
1052,Drew Sommers,DET,SP,SP323,260.0,,,
1053,Nick Raquet,STL,SP,SP324,260.0,,,
1054,Jayden Murray,HOU,RP,RP306,260.0,,,
1055,Eric Orze,TB,RP,RP307,260.0,,,
1056,Luis Curvelo,TEX,RP,RP308,260.0,,,
1057,Paul Gervase,TB,RP,RP309,260.0,,,
1058,Brian Van Belle,TB,SP/RP,SP325,260.0,,,
1059,Will Klein,LAD,RP,RP310,260.0,,,
1060,Carson Palmquist,COL,SP,SP326,260.0,,,
1061,Blas Castaño,SEA,SP,SP327,260.0,,,
1062,Cody Laweryson,MIN,RP,RP311,260.0,,,
1063,Juan Morillo,ARI,RP,RP312,260.0,,,
1064,Didier Fuentes,ATL,SP,SP328,260.0,,,
1065,Dylan Smith,DET,RP,RP313,260.0,,,
1066,Nathan Wiles,ATL,SP,SP329,260.0,,,
1067,Antonio Senzatela,COL,SP,SP330,260.0,,,
1068,Konnor Pilkington,WSH,RP,RP314,260.0,,,
1069,Philip Abner,ARI,RP,RP315,260.0,,,
1070,Josh Simpson,MIA,RP,RP316,260.0,,,
1071,Bruce Zimmermann,MIL,SP,SP331,260.0,,,
1072,Luis Mey,CIN,RP,RP317,260.0,,,
1073,Zak Kent,CLE,RP,RP318,260.0,,,
1074,Max Lazar,PHI,RP,RP319,260.0,,,
1075,Sam Bachman,LAA,RP,RP320,260.0,,,
1076,Chase Shugart,PIT,RP,RP321,260.0,,,
1077,AJ Smith-Shawver,ATL,SP,SP332,260.0,,,
1078,Luis Peralta,COL,RP,RP322,260.0,,,
1079,Jose Corniell,TEX,SP,SP333,260.0,,,
1080,Rolddy Muñoz,ATL,SP,SP334,260.0,,,
1081,Patrick Monteverde,MIA,SP,SP335,260.0,,,
1082,Kyle Backhus,ARI,RP,RP323,260.0,,,
1083,Juan Burgos,SEA,RP,RP324,260.0,,,
1084,Robinson Piña,TOR,SP,SP336,260.0,,,
1085,Marc Church,TEX,RP,RP325,260.0,,,
1086,Gregory Santos,SEA,RP,RP326,260.0,,,
1087,Cam Sanders,PIT,SP,SP337,260.0,,,
1088,Ryan Loutos,LAD,SP,SP338,260.0,,,
1089,Jayvien Sandridge,NYY,SP,SP339,260.0,,,
1090,Liam Hendriks,BOS,RP,RP327,260.0,,,
1091,Garrett Acton,TB,RP,RP328,260.0,,,
1092,Sauryn Lao,SEA,SP,SP340,260.0,,,
1093,Ryan Rolison,COL,RP,RP329,260.0,,,
1094,Nolan Hoffman,PHI,RP,RP330,260.0,,,
1095,Janson Junk,MIA,SP,SP341,260.0,,,
1096,Robert Stock,BOS,SP,SP342,260.0,,,
1097,Connor Thomas,MIL,SP,SP343,260.0,,,
1098,Lou Trivino,SF,RP,RP331,260.0,,,
1099,Joey Gerber,TB,SP/RP,SP344,260.0,,,
1100,Jackson Kowar,SEA,RP,RP332,260.0,,,
1101,Jose Espada,BAL,RP,RP333,260.0,,,
1102,Tyler Gilbert,CWS,SP/RP,SP345,260.0,,,
1103,Michael Fulmer,BOS,RP,RP334,260.0,,,
1104,Carson Ragsdale,BAL,SP,SP346,260.0,,,
1105,Jhonathan Díaz,SEA,SP,SP347,260.0,,,
1106,Brandon Walter,HOU,SP,SP348,260.0,,,
1107,Joey Lucchesi,SF,SP,SP349,260.0,,,
1108,Freddy Tarnok,MIA,SP,SP350,260.0,,,
1109,Connor Seabold,TB,SP,SP351,260.0,,,
1110,Nabil Crismatt,ARI,SP,SP352,260.0,,,
1111,Shinnosuke Ogasawara,WSH,RP,RP335,260.0,,,
1112,Taylor Rashi,ARI,SP,SP353,260.0,,,
1113,Anthony Veneziano,STL,SP,SP354,260.0,,,
1114,Jake Eder,LAA,SP,SP355,260.0,,,
1115,Codi Heuer,TEX,RP,RP336,260.0,,,
1116,Kendall Graveman,ARI,SP,SP356,260.0,,,
1117,Gavin Hollowell,CHC,RP,RP337,260.0,,,
1118,Randy Dobnak,MIN,SP/RP,SP357,260.0,,,
1119,Denzel Clarke,OAK,OF,OF143,260.0,,,
1120,Christian Roa,MIA,SP,SP358,260.0,,,
1121,Ryan Borucki,PIT,RP,RP338,260.0,,,
1122,Kevin Herget,ATL,SP,SP359,260.0,,,
1123,Corbin Martin,BAL,RP,RP339,260.0,,,
1124,Anthony DeSclafani,ARI,SP,SP360,260.0,,,
1125,Angel Perdomo,OAK,SP,SP361,260.0,,,
1126,Austin Pope,ARI,SP,SP362,260.0,,,
1127,Sean Reynolds,SD,SP,SP363,260.0,,,
1128,John Rooney,HOU,SP,SP364,260.0,,,
1129,Austin Cox,ATL,SP,SP365,260.0,,,
1130,Thomas Hatch,MIN,SP,SP366,260.0,,,
1131,José Castillo,SEA,SP,SP367,260.0,,,
1132,Ian Anderson,LAA,SP,SP368,260.0,,,
1133,Connor Gillispie,MIA,SP,SP369,260.0,,,
1134,José De León,BOS,SP,SP370,260.0,,,
1135,Michael Darrell-Hicks,PIT,RP,RP340,260.0,,,
1136,Casey Kelly,ARI,SP,SP371,260.0,,,
1137,Nic Enright,CLE,SP,SP372,260.0,,,
1138,Andry Lara,WSH,RP,RP341,260.0,,,
1139,Brooks Kriske,MIN,SP,SP373,260.0,,,
1140,Carl Edwards Jr.,TEX,SP/RP,SP374,260.0,,,
1141,Garrett McDaniels,LAA,RP,RP342,260.0,,,
1142,Max Kranick,NYM,SP,SP375,260.0,,,
1143,Chayce McDermott,BAL,SP/RP,SP376,260.0,,,
1144,Wander Suero,ATL,RP,RP343,260.0,,,
1145,Christian Montes De Oca,ARI,SP,SP377,260.0,,,
1146,Zach Thompson,ATL,SP,SP378,260.0,,,
1147,Forrest Whitley,TB,RP,RP344,260.0,,,
1148,Jack Little,LAD,SP,SP379,260.0,,,
1149,Elvin Rodríguez,MIL,SP,SP380,260.0,,,
1150,Nick Hernandez,HOU,SP,SP381,260.0,,,
1151,Ben Bowden,OAK,RP,RP345,260.0,,,
1152,Josh Walker,TOR,RP,RP346,260.0,,,
1153,Logan VanWey,HOU,SP,SP382,260.0,,,
1154,Tom Cosgrove,CHC,RP,RP347,260.0,,,
1155,Justin Garza,NYM,SP,SP383,260.0,,,
1156,Logan Gillaspie,SD,SP/RP,SP384,260.0,,,
1157,Jesse Hahn,SEA,RP,RP348,260.0,,,
1158,Scott Effross,NYY,SP,SP385,260.0,,,
1159,Rich Hill,KC,SP,SP386,260.0,,,
1160,Noah Murdock,OAK,RP,RP349,260.0,,,
1161,Tyler Owens,DET,SP,SP387,260.0,,,
1162,Penn Murfee,CWS,SP,SP388,260.0,,,
1163,Luis Contreras,HOU,SP,SP389,260.0,,,
1164,Luarbert Arias,MIA,SP,SP390,260.0,,,
1165,Carlos Duran,OAK,SP,SP391,260.0,,,
1166,Geoff Hartlieb,NYY,SP,SP392,260.0,,,
1167,Caleb Boushley,TEX,SP,SP393,260.0,,,
1168,Caleb Freeman,CWS,SP,SP394,260.0,,,
1169,Brett de Geus,PHI,SP,SP395,260.0,,,
1170,Connor Brogdon,LAA,RP,RP350,260.0,,,
1171,Easton Lucas,TOR,SP,SP396,260.0,,,
1172,Isaiah Campbell,BOS,RP,RP351,260.0,,,
1173,Heriberto Hernández,MIA,OF,OF144,260.0,,,
1174,Dan Altavilla,CWS,SP,SP397,260.0,,,
1175,Ty Adcock,NYM,RP,RP352,260.0,,,
1176,Michael Mercado,PHI,RP,RP353,260.0,,,
1177,Colby Thomas,OAK,OF,OF145,260.0,,,
1178,Victor Mederos,LAA,SP,SP398,260.0,,,
1179,John Curtiss,ARI,RP,RP354,260.0,,,
1180,Allan Winans,NYY,SP,SP399,260.0,,,
1181,Orlando Ribalta,WSH,RP,RP355,260.0,,,
1182,Jake Mangum,TB,OF,OF146,260.0,,,
1183,Jordan Lawlar,ARI,3B,3B45,260.0,,,
1184,Troy Johnston,MIA,1B/OF,1B58,260.0,,,
1185,George Valera,CLE,OF,OF147,260.0,,,
1186,Owen White,CWS,SP,SP400,260.0,,,
1187,Harry Ford,SEA,C,C56,260.0,,,
1188,Pavin Smith,ARI,1B,1B59,260.0,,,
1189,Seth Johnson,PHI,RP,RP356,260.0,,,
1190,Jhostynxon Garcia,BOS,OF,OF148,260.0,,,
1191,Alek Thomas,ARI,OF,OF149,260.0,,,
1192,Brooks Baldwin,CWS,OF,OF150,260.0,,,
1193,Robert Hassell III,WSH,OF,OF151,260.0,,,
1194,Jeremiah Jackson,BAL,3B/OF,3B46,260.0,,,
1195,Kyle Karros,COL,3B,3B47,260.0,,,
1196,Nasim Nuñez,WSH,2B/SS,2B74,260.0,,,
1197,Drew Avans,OAK,LF,LF7,260.0,,,
1198,Blaine Crim,TEX,1B,1B60,260.0,,,
1199,Cody Freeman,TEX,2B/OF,2B75,260.0,,,
1200,Ryan Ritter,COL,2B/SS,2B76,260.0,,,
1201,José Tena,WSH,3B,3B48,260.0,,,
1202,Blaze Alexander,ARI,3B,3B49,260.0,,,
1203,Nathan Church,STL,OF,OF152,260.0,,,
1204,Everson Pereira,TB,OF,OF153,260.0,,,
1205,Drew Gilbert,SF,OF,OF154,260.0,,,
1206,Yoán Moncada,LAA,3B,3B50,260.0,,,
1207,Gage Workman,CWS,3B/SS,3B51,260.0,,,
1208,Chad Stevens,LAA,SS,SS32,260.0,,,
1209,Braxton Fulford,COL,C,C57,260.0,,,
1210,Bob Seymour,TB,1B,1B61,260.0,,,
1211,Andrés Chaparro,WSH,1B,1B62,260.0,,,
1212,Kody Clemens,MIN,1B/2B,1B63,260.0,,,
1213,Alan Roden,TOR,OF,OF155,260.0,,,
1214,James Outman,MIN,OF,OF156,260.0,,,
1215,Darell Hernaiz,OAK,2B/3B/SS,2B77,260.0,,,
1216,Graham Pauley,MIA,3B,3B52,260.0,,,
1217,Tim Tawa,ARI,1B/2B/OF,1B64,260.0,,,
1218,Adrian Del Castillo,ARI,DH,DH11,260.0,,,
1219,Jacob Melton,HOU,OF,OF157,260.0,,,
1220,Tyler Locklear,ARI,1B,1B65,260.0,,,
1221,Zac Veen,COL,OF,OF158,260.0,,,
1222,Kenedy Corona,HOU,CF,CF2,260.0,,,
1223,Nick Solak,PIT,1B/2B,1B66,260.0,,,
1224,Lyon Richardson,CIN,RP,RP357,260.0,,,
1225,Maximo Acosta,MIA,2B/3B/SS,2B78,260.0,,,
1226,Luis Matos,SF,OF,OF159,260.0,,,
1227,Cam Devanney,PIT,SS,SS33,260.0,,,
1228,Corey Julks,CWS,LF,LF8,260.0,,,
1229,Jimmy Crooks,STL,C,C58,260.0,,,
1230,Coco Montes,TB,2B,2B79,260.0,,,
1231,Will Robertson,TOR,OF,OF160,260.0,,,
1232,Hunter Feduccia,TB,C,C59,260.0,,,
1233,Carson McCusker,MIN,LF,LF9,260.0,,,
1234,J.C. Escarra,NYY,C,C60,260.0,,,
1235,Logan Davidson,OAK,1B,1B67,260.0,,,
1236,Oscar Gonzalez,SD,LF,LF10,260.0,,,
1237,Denzer Guzman,LAA,SS,SS34,260.0,,,
1238,Nick Burdi,BOS,RP,RP358,260.0,,,
1239,Ian Gibaut,CIN,SP,SP401,260.0,,,
1240,Anthony Misiewicz,MIN,SP,SP402,260.0,,,
1241,Kyle Nelson,ARI,SP,SP403,260.0,,,
1242,Zach Brzykcy,WSH,SP,SP404,260.0,,,
1243,Tyler Zuber,MIA,RP,RP359,260.0,,,
1244,Lucas Gilbreath,COL,SP,SP405,260.0,,,
1245,Oswald Peraza,NYY,3B,3B53,260.0,,,
1246,Esteury Ruiz,LAD,OF,OF161,260.0,,,
1247,Sam Haggerty,TEX,OF,OF162,260.0,,,
1248,Bryce Teodosio,LAA,OF,OF163,260.0,,,
1249,Jordyn Adams,BAL,OF,OF164,260.0,,,
1250,Nick Yorke,PIT,1B/2B,1B68,260.0,,,
1251,Adael Amador,COL,2B,2B80,260.0,,,
1252,Jorge Barrosa,ARI,OF,OF165,260.0,,,
1253,Brewer Hicklen,DET,CF,CF3,260.0,,,
1254,Ryan Bliss,SEA,2B,2B81,260.0,,,
1255,Alex Call,LAD,OF,OF166,260.0,,,
1256,Leo Rivas,SEA,2B,2B82,260.0,,,
1257,Bobby Dalbec,CWS,1B,1B69,260.0,,,
1258,Samad Taylor,SEA,2B/OF,2B83,260.0,,,
1259,Sam Hilliard,COL,LF,LF11,260.0,,,
1260,Grant McCray,SF,OF,OF167,260.0,,,
1261,Buddy Kennedy,TOR,1B,1B70,260.0,,,
1262,Ryan Noda,BAL,1B/OF,1B71,260.0,,,
1263,Eric Wagaman,MIA,1B/OF,1B72,260.0,,,
1264,Michael Stefanic,TOR,2B,2B84,260.0,,,
1265,Jahmai Jones,DET,OF,OF168,260.0,,,
1266,Bryce Johnson,SD,OF,OF169,260.0,,,
1267,Owen Miller,COL,2B,2B85,260.0,,,
1268,Michael Helman,TEX,OF,OF170,260.0,,,
1269,Jonathan Ornelas,TEX,SS,SS35,260.0,,,
1270,Keston Hiura,COL,1B,1B73,260.0,,,
1271,CJ Alexander,OAK,1B,1B74,260.0,,,
1272,Trenton Brooks,SD,LF,LF12,260.0,,,
1273,Zack Short,HOU,SS,SS36,260.0,,,
1274,Coby Mayo,BAL,1B,1B75,260.0,,,
1275,Daniel Johnson,SF,OF,OF171,260.0,,,
1276,Trey Sweeney,DET,SS,SS37,260.0,,,
1277,Jace Jung,DET,3B,3B54,260.0,,,
1278,David Villar,SF,1B,1B76,260.0,,,
1279,Ryan Vilade,STL,RF,RF6,260.0,,,
1280,Donovan Walton,PHI,2B/SS,2B86,260.0,,,
1281,Joey Wiemer,MIA,OF,OF172,260.0,,,
1282,Nick Martini,COL,RF,RF7,260.0,,,
1283,Jacob Amaya,CWS,SS,SS38,260.0,,,
1284,Michael Kopech,LAD,SP,SP406,260.1,,,
1285,Justin Slaten,BOS,RP,RP360,260.1,,,
1286,Chris Martin,TEX,RP,RP361,260.1,,,
1287,Cole Sands,MIN,RP,RP362,260.1,,,
1288,Kyle Harrison,SF,SP,SP407,260.1,,,
1289,Max Kepler,PHI,LF,LF13,260.1,,,
1290,Hayden Wesneski,HOU,SP,SP408,260.1,,,
1291,David Festa,MIN,SP,SP409,260.1,,,
1292,Landen Roupp,SF,SP,SP410,260.1,,,
1293,Kyle Hart,SD,SP/RP,SP411,260.1,,,
1294,Evan Phillips,LAD,RP,RP363,260.2,,,
1295,Ryan Thompson,ARI,RP,RP364,260.2,,,
1296,Phil Maton,STL,RP,RP365,260.2,,,
1297,Garrett Cleavinger,TB,RP,RP366,260.2,,,
1298,Otto Lopez,MIA,2B/SS,2B87,260.2,,,
1299,Ryne Nelson,ARI,SP/RP,SP412,260.2,,,
1300,Keegan Akin,BAL,RP,RP367,260.2,,,
1301,Tommy Kahnle,DET,SP,SP413,260.2,,,
1302,Patrick Bailey,SF,C,C61,260.2,,,
1303,Bryse Wilson,CWS,SP/RP,SP414,260.2,,,
1304,A.J. Minter,NYM,RP,RP368,260.2,,,
1305,Michael Tonkin,MIN,SP,SP415,260.2,,,
1306,Trevor Williams,WSH,SP,SP416,260.2,,,
1307,Mitchell Parker,WSH,SP,SP417,260.3,,,
1308,Simeon Woods Richardson,MIN,SP,SP418,260.3,,,
